AZ,09/23/10,"Vargas General Engineering, LLC, Peoria, AZ 85381",Worker suffered fatal injuries when an excavator tipped over, pinning him.,Unknown,33.6110622,-112.2324406
MO,10/06/10,"Osage Valley Electric Coop, Rich Hill, MO 64779",The worker was using a chainsaw to cut a tree trunk. As the trunk was cut, it split and sprang back striking the worker fatally.,Unknown,38.0964191,-94.3610616
OH,10/06/10,"Reliable Tree and Mulch, Sugarcreek Twp, OH 45370",A tree trimmer died from a 90-foot fall.,Unknown,39.6119922,-84.0273168
NY,10/06/10,"The Renaissance Project, Ellenville, NY 12428",The worker was stabbed and killed by a patient.,Unknown,41.7170379,-74.3957099
IL,10/07/10,"Mt. Prospect Public Library, Mt Prospect, IL 60056",The worker was found dead in the men's restroom from what appeared to be a heart attack.,Unknown,42.0656637,-87.9361201
IL,10/07/10,"Tikal Construction and Roofing, Elk Grove Village, IL 60007",The worker was working on the roof, fell through a skylight and landed on a concrete floor.,Unknown,42.0039178,-87.9703461
SD,10/08/10,"Wanzek Construction, White, SD 57383",The worker was working in a windmill farm construction staging area and was struck and killed by a truck.,Unknown,43.7263894,-98.704075
MS,10/09/10,"Quality Steel Corporation, Cleveland, MS 38732",The worker was moving materials using a crane. The crane tipped over, and the worker was ejected from the cab of the crane. The crane ran over and crushed the worker.,Unknown,33.7440023,-90.7248187
OH,10/06/10,"Mountain Aire Heating & Air Conditioning, Bridgeport, OH 43912",The worker was working in a private home, the resident of the home heard a noise and found worker. The worker never regained consciousness.,Unknown,40.0697947,-80.7400827
KS,10/07/10,"Darling International, Garden City, KS 67846",Two workers were using a plasma cutter to cut a sheet of metal while the metal was sitting on two empty drums of hydraulic fluid. The workers cut into one of the barrels resulting in an explosion/fire. One worker sustained burns to the upper part of this body and face. The other worker sustained fractures and shrapnel wounds.  One fatality.,Unknown,37.9716898,-100.8726618
IL,10/13/10,"Baker Group, Arenzille, IL 62611",The worker was working alone on a ladder installing piping in preparation for start-up. The worker was found on the ground nonresponsive.,Unknown,39.8776841,-90.4313729
IL,10/13/10,"Wood & Son Construction, Channahon, IL 60410",Two employees were conducting demolition operations and a piece of rebar was lodged in the concrete. Employee 1 used the Bobcat hammer and began hammering the area near the rebar, the vibrations caused the rebar to come free from Employee 2 hand, the rebar struck him in the head, causing serious damage to his cranium.,Unknown,41.4174728,-88.2169027
CO,10/14/10,"Webco, Lake City, CO 81235",Worker rolled backhoe into river.,Unknown,38.0299967,-107.3153335
IL,10/19/10,"Welding Industrial Supply Company,, Chicago, IL 60643",While delivering compressed gas cylinders, worker collapsed from compressive asphyxia; cause unknown.,Unknown,41.6773775,-87.6538017
NC,10/20/10,"Eun Construction, Inc, Mount Holly NC 28120",The roof section of a screened porch fell and struck the worker.,Unknown,35.2981943,-81.0159081
NV,10/22/10,"Ambhar Lounge Tropicana Las Vegas, Las Vegas, NV 89109",Worker was dusting decorative molding when he fell approximately eight feet to the floor, resulting in blunt force trauma to his head.  (This was a possible diabetic episode; the coroner is investigating.),Unknown,36.101017,-115.17449
MD,10/23/10,"Greg's Marine Construction, Inc.,, Lusby, MD 20657",During a demolition operation, worker was attached into a pylon splash jacket that slipped down the pylon and pulled the worker 50 feet underwater.,Unknown,38.3536111,-76.4366667
FL,10/25/10,"Gulf-Atlantic Constructors, Inc.,, Gulf Breeze , FL 32563",Worker was placing highway safety barrels for a lane closure.  An on-coming car swerved into the closed lane and struck him.,Unknown,30.3958679,-87.0074423
CA,10/26/10,"Family Ranch, Inc., Kettleman City, CA 93239",Worker was using an auger to drive posts into the ground, when his clothing became entangled in the equipment resulting in fatal injuries.,Unknown,36.0082864,-119.9617998
TX,10/26/10,"Post Buckley Schuh & Jerngan Inc.,, Houston, TX 77032",While walking along track, worker was struck by unmanned rail car at airport.,Unknown,29.970895,-95.3207069
GA,10/27/10,"Don Park (USA) Limited Partnership,, Conley, GA 30288",While worker was attempting to guide a steel beam structure being moved by a crane and a forklift, the structure tilted and crushed worker.,Unknown,33.6379499,-84.336605
TX,10/10/10,"Pennell & Marlowe Land Surveyors,, Midland, TX 79705",Worker was changing the tire on a company truck using a small mechanical jack to lift the truck.  The truck slipped off the jack and fell onto worker.,Unknown,32.0688848,-102.0946818
OH,10/21/10,"Busan Nissan Motor Sales,, Cincinnati, OH 45246",Worker fell, striking his head, while window washing from a ladder/ scaffold.,Unknown,39.2828895,-84.4697663
TX,10/31/10,"Blowout Tools, Inc.,, Fannin, TX 77963",Worker had installed a liquid nitrogen jacket around the outside of the conductor pipe and was flowing liquid nitrogen in order to form a plug.  Worker was found collapsed.,Unknown,28.6968366,-97.2366932
CT,11/01/10,"Edwin Sousa Construction,, Greenwich, CT 06831",Worker was crushed when masonry portico fell from foundation wall into the trench where the worker was working.,Unknown,41.0853864,-73.6771662
IL,11/02/10,"Meade Electric Co. Inc.,, Rock Island, IL 61201",Worker was loading a backhoe onto a low-boy trailer when the backhoe tipped over, fell off the trailer, and crushed the worker underneath the cab.,Unknown,41.5094771,-90.5787476
IL,11/02/10,"Monsanto Company,, Secor, IL 61771",Worker was pinned under truck during work at a rural site.,Unknown,40.7419798,-89.1353567
LA,11/02/10,"Precision Construction & Maintenance, LLC,, Metairie, LA 70119",While excavator was lifting a mat, a chain broke and worker was crushed underneath.,Unknown,29.9798109,-90.0793488
WI,11/03/10,"Menominee Tribal Enterprises,, Neopit, WI 54150",Worker was cutting a tree down.  As tree fell, a branch broke off and struck worker.,Unknown,44.9808078,-88.8309402
TN,11/05/10,"Tri City Wastepaper, Inc., Kingsport, TN 37660",Worker, attempting to load a forklift onto a flatbed trailer, suffered fatal injuries after a ramp dropped onto him.,Unknown,36.548434,-82.5618186
NV,09/11/10,"Double U Livestock, Cherry Creek , NV 89301",Worker who was attempting to jump start a farm tractor, suffered massive trauma to upper torso when pinned between tractor and vehicle.,Unknown,39.9004891,-114.8858603
TX,10/10/10,"OXEA Corporation,, Bishop, TX 78343",Worker was caught in flash fire at a chemical plant and died a month later during his burn recovery.,Unknown,27.5861441,-97.7991636
NC,10/20/10,"American Red Cross,, Cherokee, NC 28719",Worker was working from a parked blood-mobile bus.  Worker was standing near the steps at the front of the bus when she fell out of the bus and fatally hit her head on the curb.,Unknown,35.2999963,-80.2929201
ND,11/08/10,"Aevenia, Inc.,, Tioga, ND 58852",While worker was installing underground power cable, when the digging apparatus struck a buried gas line.  Worker was killed by a natural gas compressed-gas concussion.,Unknown,48.3972442,-102.938238
AL,11/08/10,"K & W Recycling,, Troy, AL 36081",An 18-wheeler backed up and ran over two workers who were standing behind the truck.,Unknown,31.8087678,-85.969951
NC,11/08/10,"Rose Brother's Paving Company, Inc., Bath, NC 27808",Worker, a roller operator, walked away from his equipment and  was run over by a dump truck backing out into an open lane.,Unknown,35.4771094,-76.8116045
AR,11/08/10,"Seven Valleys Concrete, LLC.,, Centerton, AR 72719",While finishing poured concrete with a broom, the handle extension of the broom contacted an overhead electrical line when the worker lifted the broom to reposition it.,Unknown,36.3699231,-94.3051542
NY,11/09/10,"Mollenberg-Betz, Inc.,, Buffalo, NY 14207",Worker died while performing hot work on top of a 10,000-gallon chemical storage tank that exploded.,Unknown,42.9486552,-78.9005333
OH,11/10/10,"Allen Painting & Decorating,, Cleveland, OH 44115",Mechanical lift rolled over and crushed worker.,Unknown,41.4963405,-81.6719914
LA,11/10/10,"F. Miller Construction, LLC.,, Grand Isle, LA 70358",A pile of lead fell and struck worker on the torso and head.,Unknown,29.2366172,-89.9872941
IL,11/12/10,"Pike Feeds, Inc.,, Pittsfield, IL 62363",Worker fell from a catwalk used to assist in loading trucks with livestock feed.  Worker fatally struck his head when he impacted the ground.,Unknown,39.6078254,-90.8051289
MA,11/13/10,"Victor Sosa Construction,, Salem, MA 01915",While workers were repairing a flat roof that had gravel on it, the gravel was collected into sandbags.  One bag, with rope and hook still attached, fell off roof without any resistance and fatally struck a worker in the head.,Unknown,42.5720581,-70.8476708
MD,09/24/10,"R.H. Fewster Painting Co., Inc., Baltimore, MD 21210",Worker fell off a slate roof while painting a cornice.,Unknown,39.3566383,-76.6354952
TX,10/04/10,"Chemplex LLC,, Snyder, TX 79549",Three workers were burned in a flash fire in a blending vat.  One of the injured workers, hospitalized with burns over 45% of his body, passed away a few weeks later.,Unknown,32.7178862,-100.9176184
MD,10/14/10,"Classic Ironworks, Incorporated, Odenton, MD 21113",Workers were setting structural steel and decking on top of cinder block walls.  When a second bundle of decking was placed on unsecured joists, the joists rolled and fell on the victim.,Unknown,39.0839981,-76.7002462
MD,10/21/10,"Colossal Contractors, Inc., Waldorf, MD 20602",Two workers, picking up litter on a median strip, were both struck and killed by a highway vehicle which left the road.,Unknown,38.593093,-76.9066829
NC,10/25/10,"Empire Distributors of North Carolina, Inc.,, Charlotte, NC 28273",Worker died after falling 12 to 15 feet to the concrete floor from an aerial work platform used for picking orders.,Unknown,35.1290557,-80.9539475
TN,11/12/10,"Mountain States Contractors, LLC.,, Memphis TN 37501",Worker drowned after falling into a river when the guardrail system that the employee was tied to was struck by a hammer that fell from a crane bucket.,Unknown,35.0035156,-89.9377309
NJ,11/13/10,"Dunrite LLC,, West Caldwell, NJ 07006",Worker went through a skylight and fell approximately 40 feet to the floor.,Unknown,40.8409329,-74.3018154
NY,11/13/10,"Tommy Faxon Excavation,, Chatham, NY 12037",Worker was struck and killed by a tree falling from a dump truck.,Unknown,42.3642516,-73.5948391
CA,11/14/10,"Cal-Trans, Chico, CA 95973",Traffic control worker struck by drunk driver while working traffic patrol on the highway.,Unknown,39.7284944,-121.8374777
WV,11/16/10,"McKinney Drilling Company, Inc.,, Kearneysville, WV 25213",Worker was operating a drilling rig.  He was crushed when the rig platform broke and fell on top of him.,Unknown,38.511899,-81.9425701
TX,11/16/10,"Star Transport, Inc.,, Temple, TX 76503",Potential carbon monoxide poisoning: worker was found dead in the sleeper berth of a locked tractor trailer.,Unknown,31.1006456,-97.3396579
CA,11/17/10,"American Food Service, Santa Clara, CA 95051",Worker died of acute exposure to carbon monoxide while using a gas-powered pressure washer inside a freezer.,Unknown,37.3708634,-121.8764292
CA,11/17/10,"Selsor Construction, Madera, CA 93637",Worker who was picking concrete boulders out of a hole, was run over by a frontend loader that backed up over him.,Unknown,36.9613356,-120.0607176
MA,11/17/10,"TLC Exteriors, LLC.,, South Hadley, MA 01075",While erecting scaffolding, worker fell approximately 30 feet to the ground.,Unknown,42.2591729,-72.5747934
TX,11/19/10,"Western States Fire Protection Co.,, Austin, TX 78713",Worker was painting pipe when he fell off an eight-foot ladder and fatally struck his head.,Unknown,30.28,-97.74
OH,10/24/10,"Midwest Auto Transport Inc.,, Clyde, OH 43410",Wheel assembly exploded, fatally striking employee.,Unknown,41.3042201,-82.975192
NY,11/20/10,"American Fireworks Mfg Co. Inc.,, Utica, NY 13502",Worker was struck by fireworks during a fireworks show.,Unknown,43.100903,-75.232664
LA,11/22/10,"Ledoux Control Systems,, New Orleans, LA 70112",Workers were pulling cable between two rooms.  Two workers found the third worker, who had been working alone, unconscious.  Worker was later pronounced dead at hospital.,Unknown,29.9595769,-90.0770127
CO,11/22/10,"Wolf Creek Ski Lodge,, Pagosa Springs, CO 81147",Ski patrol employee was killed in an avalanche.,Unknown,37.26945,-107.0097617
MI,11/23/10,"US Postal Service,, Petoskey, MI 49770",While delivering mail, worker lost consciousness and hit a parked car.  Cardiac arrest likely.,Unknown,45.3733428,-84.9553296
OH,11/29/10,"J & D Rack,, Cincinnati, OH 45238",Worker was engaged in cleaning debris from a 60-inch storm sewer pipe and collapsed from health issues.,Unknown,39.1031327,-84.6165146
OH,11/29/10,"Payne Transportation LP,, Shelby, OH 44875",Worker was struck by a semi-truck as he was walking across a parking lot.,Unknown,40.8814452,-82.6618424
MA,11/30/10,"Advanced Imaging Technologies,, West Yarmouth , MA 02673",Worker fell from a 9-foot high unguarded mezzanine while working.,Unknown,41.6501114,-70.2411312
NY,11/30/10,"Allocco Recycling LTD,, Brooklyn, NY 11237",Worker was found crushed between the conveyor belt and roller.,Unknown,40.7043156,-73.9212858
MN,11/30/10,"Mille Lacs Band of Ojibwe,, Onamia, MN 56359",Worker was found unresponsive at his vehicle in a parking lot, outside the casino, where he worked; possible heart disease.,Unknown,46.1777949,-93.7552381
WI,12/02/10,"Faith Technologies,, Green Bay, WI 54307",A lift truck backed into a scissor lift that was being operated by two employees. The scissor lift tipped forward and fell to the ground. Both workers were taken to the hospital, where one worker died.,Unknown,44.4799999,-88.02
PA,12/04/10,"Pride Capitol LLC,, Philadelphia, PA 19137",Worker was installing new hinges on the doors of an electrical transformer and contacted an energized conductor inside.,Unknown,40.0018403,-75.0669552
WY,12/04/10,"Snelson Companies Inc.,, Green River, WY 82935",Worker was welding two pieces of pipe when one of the pieces shifted, striking and fatally injuring him.,Unknown,41.5285757,-109.4662461
NV,12/05/10,"Independent (automotive repair),, Las Vegas, NV 89115",Worker was changing the left front tire of a semi truck with a trailer attached when the jack slipped, causing the truck to fall, crushing his head.,Unknown,36.3193563,-115.0228736
NV,12/07/10,"Precision Pipeline,, Elko County, NV 89801",Worker was struck by pipe that was being lowered into an excavation by a side-boom pipe layer, causing him to fall into the excavation. The pipe, consisting of 10 sections of 80-foot pipe that were welded together, then fell on top of him.,Unknown,41.1852816,-115.7575196
TX,12/01/10,"Bob Davis Paint & Drywall, Inc.,, Galveston, TX 77554",Worker was operating an aerial lift to perform painting on a 4-story condominium, when he was pinned between the building and the control station in the elevated working platform.  His body pushed against the joystick that controlled the lift, causing it to push him even more against the building, which eventually caused his death. ,Unknown,29.2469914,-94.9039424
MD,12/09/10,"S. Digregorio & Son, Inc.,, Silver Spring, MD 20910",Worker was found under an overhead door.,Unknown,39.0041504,-77.0391754
MA,12/09/10,"Shawn Smith Contracting,, Everett, MA 02149",Worker fell from lower level while installing asphalt roof shingles.,Unknown,42.40843,-71.0536625
TN,12/10/10,"Highways Inc.,, Montery, TN 38574",Bulldozer operator was backing down a slope preparing for seeding. Bulldozer flipped over twice and worker was ejected after hitting his head on dash.,Unknown,36.1458622,-85.2101269
AL,12/11/10,"Wayne Farms,, Decatur, AL 35602",Worker fell from a vertical staircase located in the locker room. She cut her lip and was taken to the medical room, where she later passed out in the chair. She was rushed to the emergency room, where she was pronounced dead.,Unknown,34.61,-86.98
TX,12/14/10,"Francisco Becerra,, Prosper, TX 75078",Worker suffered fatal injuries when he fell from a second floor area, which was not equipped with guardrails or fall protection, to the floor of the foyer below.,Unknown,33.2362278,-96.80111
OH,12/15/10,"S. Miller Excavating,, Attica, OH 44807",Owner of an excavating company performing forestry operations was killed after being struck by a falling branch.,Unknown,41.0647777,-82.887686
MS,12/16/10,"Marshall Durbin Food Corp,, Hattiesburg, MS 39401",Worker was picking up trash on the side of the access road and stepped in front of a truck.,Unknown,31.3271189,-89.2903392
IL,12/16/10,"Osi Industries LLC,, Chicago, IL 60609",Worker was fatally injured while working on a grease recovery platform. Worker was attempting to use a boom pipe to fill a tanker truck with grease and collapsed on the platform.,Unknown,41.8062766,-87.6482474
WV,12/12/10,"L.C. Halstead,, Jefferson, WV 25177",Worker was walking behind the company utility truck as it was backing up, and worker was struck by a truck.,Unknown,38.3804325,-81.8552196
OH,12/20/10,"Asplundh Tree Expert Company,, Trenton, OH 45067",Worker was walking across a single train track trestle bridge and was struck by the train.,Unknown,39.4808905,-84.4577222
WI,12/20/10,"Lewis Construction INC,, Chippewa Falls, WI 54729",Worker was pouring concrete into forms. The form system failed, crushing the worker.,Unknown,44.9369054,-91.3929348
HI,12/20/10,"Pearl Harbor Naval Shipyard,, Pearl Harbor, HI 96860",Worker was a passenger on an electric motor cart, not wearing his seat belt, and was ejected from the vehicle when the driver lost control.,Unknown,21.3563454,-157.9382041
IL,12/21/10,"George Jones Excavating LLC,, East Cape Girardeau, IL 62957",A section of concrete road collapsed; one worker died.,Unknown,37.2958838,-89.4962024
IL,12/22/10,"Kanaflex Corporation of Illinois,, Vernon Hills, IL 60061",Worker fell 23 feet through a skylight on a roof.,Unknown,42.2393323,-87.9653565
AL,12/22/10,"Quality Construction,, Boaz, AL 35957",Worker was working on the front of a bulldozer.  Another worker was backing up a backhoe to attach chains to the bulldozer, and did not see the first worker, who was then caught between the backhoe and bulldozer.,Unknown,34.2031662,-86.1520969
IL,12/24/10,"Black Horse Carriers,, Batavia, IL 60510",Worker was run over by a 6-wheel spotter used to move trailers around the yard.,Unknown,41.8500284,-88.3125738
NC,12/07/10,"Allen Jay Elementary School,, High Point, NC 27265",Worker died nearly a week after falling in a school parking lot and injuring her foot.,Unknown,35.932916,-79.9562
IL,12/22/10,"Chicago Fire Department,, Chicago, IL 60601",Two firefighters died and 14 were hospitalized after a wall collapsed on them as they were extinguishing a fire in an abandoned warehouse.,Unknown,41.8868675,-87.6201779
PA,12/29/10,"JC Tree & Lawn Service,, Whitehall, PA 19052",Worker was conducting tree trimming work and fell 25 feet.,Unknown,39.8948143,-75.4463318
PA,12/29/10,"L & W Demolition,, Harrisburg, PA 17111",Worker was assisting a dump truck driver by opening the tailgate of the truck, when he fell approximately 80 feet into a quarry filled with water.,Unknown,40.2700804,-76.7913558
IL,12/30/10,"Primus Natural Stone,, Romeoville, IL 60466",Worker was crushed under a large piece of stone.,Unknown,41.4830183,-87.6827676
NY,12/30/10,"Spohn's Disposal Service INC.,, Mohawk, NY 13407",Worker parked his truck on the side of the road and got out of the truck. The truck was hit from behind by another truck, which struck the worker.,Unknown,43.0114592,-75.0040449
PR,10/14/09,"Maderera Donestevez Inc.,, Carolina, PR 00979",Worker was dispatching merchandise in a warehouse and was pinned by a forklift.,Unknown,18.4386264,-66.013642
KS,12/29/10,"Honey Creek Disposal Services,, Lawrence, KS 66044",Worker was run over by a refuse truck.,Unknown,38.9716689,-95.2352501
CA,12/30/10,"Mainstay Business Systems Geriatric Home Care Specialists,, Palo Alto, CA 94304",In-home healthcare worker was hit by a bus.,Unknown,37.3813444,-122.1802812
FL,12/31/10,"Contreras Brothers Trucking,, Dade City, FL 33525",Worker was in the process of adjusting the brakes on a flatbed trailer. The mechanic had not checked the wheels before working on the brakes. When the trailer was released from the tractor, it rolled over the worker causing fatal injuries.,Unknown,28.3647248,-82.1959178
AL,12/31/10,"Kykenkee, Inc.,, Vance, AL 35490",Worker was struck by a log that fell from a conveyor.,Unknown,33.1742847,-87.2336092
PA,01/04/11,"ADT Security Services,, Oakdale, PA 15071",Worker was positioned on a portable extension ladder, installing wire. The ladder slipped and the worker fell 14 to 15 feet, striking the concrete floor.,Unknown,40.3981246,-80.1856134
TN,01/05/11,"Kinematics Research,, Oakland, TN 38060",Worker killed from flash fire after ignition of gunpowder.,Unknown,35.228976,-89.5150764
IL,01/06/11,"KM Plant Services,, Peoria, IL 61607",Workers was assigned to wash down the coal house at the power plant and was found on the floor, nonresponsive.,Unknown,40.6240673,-89.6722171
NY,01/10/11,"Chung Hing Inc.,, Elmhurst, NY 11373",Worker was crushed by a collapsed exterior wall.,Unknown,40.737975,-73.8801301
CA,12/27/11,"Ampam Parks Mechanical,, Santa Monica, CA 90401",Worker fell 14 feet through plywood from second floor when shoring was removed from form.,Unknown,34.0126379,-118.495155
OR,11/01/10,"Carlos Yard Service Inc.,, Gresham, OR 97080",Worker's vehicle left the road and rolled down an embankment.,Unknown,45.484172,-122.384875
OR,01/05/11,"City of Rainier,, Rainier, OR 97048",Police Chief shot and killed while attempting to apprehend someone breaking into a car.,Unknown,46.1031675,-122.9884452
NV,01/07/11,"Universal Laundry and Linen,, Las Vegas, NV 89101",Worker was discovered lying on the ground and unresponsive. Cause of death was determined to be cardiac arrest, but the worker exhibited signs of electrical burns. ,Unknown,36.1697096,-115.1236952
ND,01/08/11,"Cyclone Drilling,, Williston, ND 58801",Worker was found at the bottom of the steps leading up to the rig platform.,Unknown,48.1469683,-103.6179745
MO,01/09/11,"Mcjunkin Red Man Corporation,, St. Louis, MO 63111",Worker was found in a fire.,Unknown,38.5635304,-90.2479232
LA,01/10/11,"Polar Service Center,, St. Gabriel, LA 70776",Worker climbed into a tank truck to repair an internal valve and collapsed.,Unknown,30.2576953,-91.0992706
NJ,01/12/11,"Coppa's Service Center & Towing,, North Brunswick, NJ 08902",Worker was caught between the flatbed and the cab of a wrecker.,Unknown,40.4525163,-74.4766712
CA,01/12/11,"Homeowner (not named),, Los Angeles, CA 90210",Worker, hired by homeowner, fell 10 feet from a scaffold, landing on head.,Unknown,34.1030032,-118.4104684
NY,10/19/10,"Ghent Vol. Fire Department,, Ghent, NY 12075",Worker sustained fatal injuries in an automobile collision with power pole.,Unknown,42.2800395,-73.7193346
NC,12/14/10,"Griffin Concrete Masonry and Carpentry,, Edenton, NC 27932",Worker on a residential construction site fell 12 feet from a roof, landing on his head.,Unknown,36.057938,-76.6077213
IA,12/15/10,"Bellevue Community Schools,, Bellevue, IA 52031",Worker slipped on ice and hit head on a building.,Unknown,42.2588936,-90.4257531
NC,01/15/11,"DeVere Construction Co.,, Louisburg, NC 27549",Worker partially in manhole was struck by a swinging excavator bucket and fell into the manhole.,Unknown,36.0990393,-78.301106
IA,01/17/11,"Wisconsin Plastic Drain Tile Corp.,, Jesup, IA 50648",Worker became pinned between a semi-truck and forklift while trying to get the semi-truck unstuck from snow.,Unknown,42.475543,-92.0637884
DE,01/20/11,"Acme Markets,, Newark, DE 19702",Worker was operating a forklift to load truck trailers at a loading dock and was found slumped over the side of the forklift.,Unknown,39.6203775,-75.7487779
IA,01/21/11,"Certified Testing Services Inc.,, Orange City, IA 51041",Worker drilling a test hole became entangled in a boring bit on the drilling machine.,Unknown,43.0072087,-96.0583523
IL,01/22/11,"Chicago Streets and Sanitation Department,, Chicago, IL 60608",City worker enforcing street parking for snow removal was struck by a stolen car.,Unknown,41.8838042,-87.632187
TN,12/11/10,"Tractor Supply Company,, Brentwood, TN 37027",Worker carrying out trash fell off loading dock and hit head.,Unknown,36.0331164,-86.7827772
OR,01/01/11,"Top Flyte Security,, Portland, OR 97204",Worker (security guard) was shot to death in the street outside a nightclub.,Unknown,45.516964,-122.6732897
CA,01/23/11,"Vino Farms,, Santa Rosa, CA 95401",Worker was run over by tractor.,Unknown,38.4409697,-122.7971649
CA,01/28/11,"Metro Express, Inc.,, Ontario, CA 91764",Worker was found unresponsive in a vehicle carrying dry ice with the engine running. Possible asphyxiation.,Unknown,34.0739866,-117.6141457
MN,01/29/11,"Emerson Network Power Connectivity Solutions, Waseca, MN 56093",Worker hit head on the overhead protection on a forklift.,Unknown,44.0770411,-93.5083843
CA,02/02/11,"Placerville Union School District,, Placerville, CA 95667",Worker was shot in office.,Unknown,38.7351808,-120.7768784
NY,02/08/11,"Cross-County Contracting Inc.,, New York, NY 10014",Two workers fell off an I-beam down an elevator shaft, 56 feet to the third floor.,Unknown,40.7366138,-74.0094471
NY,02/07/11,"B & B Lumber Co. Inc.,, Jamesville, NY 13078",Worker was caught in a saw.,Unknown,42.955273,-76.0623979
TX,02/07/11,"Enterprise Products dba Enterprise Transportation,, Freeport, TX 77541",Worker was washing a chemical tanker truck that contained polyurethane foam and was found unresponsive inside the tank.,Unknown,28.9541368,-95.3596617
CO,02/07/11,"Power Zone Equipment,, Center, CO 81125",Worker's clothing was caught on a shaft attached to a motor, which pulled his body into the rotating equipment.,Unknown,37.7530563,-106.1086379
TX,02/07/11,"Trinidad Drilling,, Garden City, TX 79739",Worker checking a motor that pumps water out of a cellar was found unresponsive.,Unknown,31.8639016,-101.4811969
IL,02/08/11,"Chicago Decking & Steel,, Glenview, IL 60026",Worker was struck by a steel beam that was being erected as part of a canopy on the exterior of a hospital addition.,Unknown,42.092172,-87.8205864
CA,02/11/11,"Setton Pistachio,, Terra Bella, CA 93270",Worker was caught in an auger.,Unknown,35.9624529,-119.0442687
TX,11/09/10,"AA Seamless Gutters,, Midlothian, TX 76065",Worker was working from a roof installing gutters and fell 12-14 feet to the ground below.,Unknown,32.482361,-96.9944489
TX,01/15/11,"SAR Transportation,, Chico, TX 76431",Worker was raising the bed of a dump truck when it hit an overhead power line. Worker got out of the truck to release the tailgate and was electrocuted.,Unknown,33.2959463,-97.7989236
NY,01/28/11,"Eastern NY Correctional,, Napanoch, NY 12458",Correctional officer in a state prison van was killed when it collided with a private vehicle.,Unknown,41.7421132,-74.3631966
NY,02/05/11,"Nassau Co PD Hwy Patrol, Bellmore, NY 11710",Police officer was pushed under a box truck after vehicle was struck by a truck that crossed striped lanes.,Unknown,40.6687125,-73.5270709
TX,02/08/11,"Pneumatic and Hydraulic Company, LLC,, Houston, TX 77095",Worker was replacing a 120 psi pneumatic hose for a compressor system and was struck by the pressurized equipment.,Unknown,29.9108312,-95.6563119
OR,02/10/11,"RM Beverage Delaware LLC,, Portland, OR 97217",Worker struck on head by products when a storage rack collapsed.,Unknown,45.5908734,-122.6931698
NY,02/11/11,"Bland Farms, LLC,, Cato, NY 13033",Worker was on a roof shoveling snow and fell through a skylight.,Unknown,43.1681225,-76.5729987
CA,02/15/11,"California Highway Patrol,, Garberville, CA 95542",Police officer was struck in a head-on collison.,Unknown,40.1156558,-123.8136702
NY,02/17/11,"Garden City Park FD Hdqtrs,, Garden City Park, NY 11040",Firefighter slipped on ice and struck head,Unknown,40.7409348,-73.6626297
OR,02/18/11,"Fallon Logging Co. Inc.,, Tillamook, OR 97141",Worker cutting down a tree was struck by the top of another tree that fell to the ground.,Unknown,45.4562158,-123.8440137
TX,02/20/11,"Amf Bowling Centers Inc.,, 300 Dallas, Store 571, Addison, TX 75001",Worker was releasing a jam from a bowling pinsetter machine when the worker was caught by an elevator wheel.,Unknown,32.9654778,-96.8297403
FL,02/20/11,"Davis Specialties Services,, Okeechobee, FL 34972",Worker was installing an antenna on a newly erected 300-foot tower and fell 110 feet from the tower.,Unknown,27.2439349,-80.8297828
TX,02/21/11,"Helmerich & Payne International Drilling Co.,, Midland, TX 79701",Worker was in the process of removing a stabilizer when a piece of equipment was moved or dislodged by a forklift and the piece struck and caught the worker.,Unknown,31.9916009,-102.0832543
TX,02/23/11,"Austin Industrial Services, LP.,, Deer Park, TX 77536",Worker entered a railcar previously containing olefin sulfide and was overcome by hydrogen sulfide.,Unknown,29.7052284,-95.1238204
IL,02/25/11,"Metropolitan Water Reclamation Dist.,, Hanover Park, IL 60133",Worker fell 12 feet over a railing after losing control of a Bobcat.,Unknown,41.9994722,-88.1450735
NC,08/31/10,"DMR Company,, Winston-Salem, NC 27101",Worker fell from a ladder while painting a house.,Unknown,36.105232,-80.2042436
HI,12/04/10,"Aloun Farm, Inc.,, Waipahu, HI 96797",Worker was struck by truck operating in reverse.,Unknown,21.3866667,-158.0091667
MA,02/12/11,"Advanced Tree Service,, Springfield, MA 01103",Worker was dumping a wheelbarrow containing snow over the edge of a flat roof, lost control and fell 15 feet.,Unknown,42.105218,-72.5929401
TX,02/16/11,"The Cliffs Resort,, Graford, TX 76449",Worker was checking water lines from the shore to the marina and was found in the water by the shore.,Unknown,32.9376218,-98.2469919
CA,02/23/11,"Coast Career Institute,, Los Angeles, CA 90015",Worker was shot by student during a training session.,Unknown,34.036453,-118.262687
LA,02/25/11,"Ceres Gulf Inc.,, New Orleans, LA 70115",Worker was removing a tire from a container handler on a marine dock when the tire blew off its rim.,Unknown,29.9219677,-90.1073935
NC,02/25/11,"Charlotte-Mecklenberg Police Department,, Mint Hill, NC 28227",Worker (SWAT Team Member) working with tactical distraction device (flash bang device) when it activated.,Unknown,35.174647,-80.706781
TX,02/28/11,"Brookshire Brothers Ltd.,, Lufkin, TX 75904",Worker was salvaging parts from a mechanical dock leveler. A forklift was raising the dock leveler when it slipped and crushed the worker.,Unknown,31.3382406,-94.729097
CA,02/28/11,"Central Valley Meat,, Hanford, CA 93230",Worker struck by paddle of meat blender after sanitizing it, and blender wasn't locked out.,Unknown,36.3274502,-119.6456844
OH,03/03/11,"Quick Pak Inc.,, Sharonville, OH 45246",Worker was found after falling 30 feet from an elevated lift.,Unknown,39.2828895,-84.4697663
LA,03/08/11,"Boudier Brothers Construction Group, Inc.,, Violet, LA 70092",Worker doing masonry to cover an opening between a house wall and its foundation was electrocuted when worker came in contact with a set of cables.,Unknown,29.8957605,-89.8978439
OK,03/04/11,"Sauced on Paseo, LLC,, Oklahoma City, OK 73103",Worker was using an electric material hoist to move beer to a lower level when the overloaded hoist failed and struck the worker, coming to rest 8 feet below.,Unknown,35.4900741,-97.5193093
WA,03/05/11,"Manson Mowat a Joint Venture,, Bremerton, WA 98310",Worker was operating a hoist on a spud barge when a piece of the winch came loose and struck him on the head.,Unknown,47.5940141,-122.6200119
MI,03/08/11,"U.S. Postal Service,, Dundee, MI 48131",Worker delivering mail was crushed when a concrete porch collapsed.,Unknown,41.9572676,-83.6596596
TX,03/10/11,"Ultra Building Services,, The Woodlands, TX 77381",Worker operating an electric floor buffer in the building was found unconscious and non-responsive by building security.,Unknown,30.1704912,-95.509247
FL,03/11/11,"Westfalia Technologies, Inc.,, Tampa, FL 33612",Worker was replacing chains on a storage retrieval machine when a vertical lift station came crashing down, striking the worker.,Unknown,28.0563834,-82.4427769
NJ,09/11/10,"Paolella Pro-Fitting, Inc., Newark, NJ 07105",Worker was killed after being run over by a highway milling machine.,Unknown,40.7231264,-74.1416127
NE,01/11/11,"DL Cattle LLC., Parks, NE 69041",Worker was asphyxiated after being engulfed in a grain bin.,Unknown,40.0428682,-101.7254011
OK,02/09/11,"Airco Service, Inc., Tulsa, OK 74146",Worker died after falling 15 feet through a snow-covered skylight.,Unknown,36.0882182,-95.8459341
LA,03/06/11,"Koch Specialty Plant Services, Inc., Norco, LA 70079",Worker performing maintenance on a tower died after becoming unconscious from hydrogen sulfide exposure and falling 100 feet.,Unknown,29.9990924,-90.4123042
FL,03/06/11,"Reithoffer Shows, Inc., North Fort Myers, FL 33917",Worker disassembling a fair/carnival ride was found unresponsive.,Unknown,26.6672935,-81.8800861
MN,03/07/11,"Barnesville Bus Company, Barnesville, MN 56514",Business co-owner was killed after being crushed by facility's garage door.,Unknown,46.6533237,-96.4200126
IA,03/10/11,"John Deere PEC Waterloo, IA 50702",Worker ejected from, then pinned under tractor, after losing control and striking a utility pole.,Unknown,42.4638414,-92.3172324
TX,03/11/11,"5J Oilfield Services, LLC., Stanton, TX 79782",Worker was killed when caught between a tractor trailer and forklift.,Unknown,32.1292891,-101.7884642
IL,03/14/11,"Vesuvius Chicago Heights Plant, Chicago Heights, IL 60411",Worker unclogging a bin died after falling 30 feet onto railroad tracks.,Unknown,41.506146,-87.6355995
RI,03/15/11,"Composite Rigging Limited and Company, North Kingstown, RI 02852",Worker died after being struck on the head by a sailboat rigging cable.,Unknown,41.5877721,-71.4655565
CA,03/16/11,"Century Lighting, Sacramento, CA 95834",Worker died after being crushed between a store ceiling and aerial device basket.,Unknown,38.6418022,-121.5255815
CA,03/17/11,"Devine Intermodal, Sacramento, CA 95691",Worker, who was assisting a vehicle, was struck and killed by another vehicle.,Unknown,38.5815697,-121.5312934
LA,03/18/11,"Gilchrist Construction, Alexandria, LA 71302",Worker employed as a traffic flagger was struck and killed by a truck.,Unknown,31.3112936,-92.4451371
NY,03/20/11,"Butterville Farms, LLC., Adams, NY 13605",Worker died after sustaining crushing injuries while working in a cow barn.,Unknown,43.8092321,-76.0240892
TX,01/10/11,"Triumph Aerostructures Vought Aircraft Division, Grand Prairie, TX 75211",Worker died after falling from a tractor trailer while trying to secure materials.,Unknown,32.7433629,-96.8887202
PA,03/02/11,"Witmer Mulch, Willow Street, PA 17584",Worker was killed after being struck in the head by a mulch hopper.,Unknown,39.9792659,-76.2763474
NM,03/09/11,"Reeco Well Services, Inc., Lovington, NM 88260",One worker killed and three workers injured from a fire at an oil well rig.,Unknown,32.9440077,-103.3485543
FL,03/18/11,"Richard McKenzie & Sons, Inc., Frostproof, FL 33843",Worker was ejected from and run over by a front-end loader.,Unknown,27.7458626,-81.5306313
TX,03/19/11,"T. K. Stanley, Beaumont, TX 77713",Worker was crushed between two derricks sections.,Unknown,30.080174,-94.1265562
KY,03/20/11,"Yellow Cab of Lexington, Lexington, KY 40510",Worker found shot in cab.,Unknown,38.0765476,-84.5955732
MS,03/21/11,"Woodall Electric, Inc., Moselle, MS 39459",Worker was electrocuted after contacting live lighting parts.,Unknown,31.5122762,-89.3037147
GA,03/22/11,"Baldwin Paving Company, Inc., Marietta, GA 30060",Worker was pinned between asphalt roller and a dumpster.,Unknown,33.9488147,-84.5379455
OH,03/23/11,"Thieman Stampling Co., New Bremen, OH 45869",Worker was found dead on the floor of a welding shop.,Unknown,40.4369919,-84.3796729
MA,03/23/11,"Fuentes Enterprises, Inc., West Springfield, MA 01089",Worker was killed after a cigarette lighter used to check the level of a 55-gal. drum of flammable liquid ignited the liquid's vapor and exploded. Worker died from burns and blunt head trauma.,Unknown,42.1070383,-72.6203675
FL,03/24/11,"Russell Engineering, Sunrise, FL 33322",Worker picking up roadway debris was run over and killed by an asphalt paving roller.,Unknown,26.1544576,-80.2711588
KS,03/25/11,"Hamm Company, Perry, KS 66073",Worker was struck and killed by a vehicle in a shop parking lot.,Unknown,39.0758335,-95.3933077
OR,03/25/11,"Vo's Auto Repair, Gresham, OR 97030",Worker inspecting car bearings was crushed after car began moving.,Unknown,45.5140983,-122.4228701
MT,03/26/11,"Kenco LLC., Lincoln, MT 59639",A truck driver securing a load of logs was struck in the head by a loose log.,Unknown,46.9549402,-112.6817071
NY,03/26/11,"NYS Police Clarence LODD 2011, Clarence, NY 14031",Police trooper struck by a passing vehicle while conducting a traffic stop.,Unknown,42.9813122,-78.6001482
IA,03/26/11,"Pinnacle Foods Group LLC, Fort Madison, IA 52627",Sanitation worker was killed after being pulled into auger while cleaning it.,Unknown,40.6297634,-91.314535
AL,03/27/11,"ABC Coke-Division of Drummond Company, Tarrant, AL 35217",Worker was crushed between a coal hopper and Larry car while trying to open a coke oven chute.,Unknown,33.587872,-86.770106
CA,03/29/11,"All American Window Cleaning, Inc., Canyon, CA 92647",Worker washing windows was electrocuted after making contact with a live wire.,Unknown,33.7222674,-118.0010421
IL,03/29/11,"Com Ed, Crystal Lake, IL 60014",Utility worker helping to move electric poles was killed when a portion of the pole fell on the worker's head.,Unknown,42.2411344,-88.3161965
AZ,03/29/11,"Comfort World A/C and Heating, LLC, Scottsdale, AZ 85254",Worker fell from ladder.,Unknown,33.6071829,-111.9403254
TX,03/29/11,"Timberline Nursery Inc., Hillister, TX 77624",Worker suffered blunt force head trauma after riding bicycle off a four-foot loading dock.,Unknown,30.6983596,-94.3051542
OH,03/30/11,"Rebay, Marletta, OH 45750",Worker was operating a skid steer on the ramp to a large running diesel trammel and was found inside the trammel.,Unknown,39.4404583,-81.4498717
OR,03/16/11,"Sanders Wood Products Molalla, OR 97038",Worker died after being struck on the head by a piece of lumber that fell from a conveyer.,Unknown,45.1473445,-122.5770322
KY,03/21/11,"Carbide Industries, LLC Louisville, KY 40211",Two workers were killed and one injured after an explosion in an industrial gas plant.,Unknown,38.2371978,-85.8230251
KY,03/31/11,"Dixon Electrical Systems & Contracting, Inc., Ashland, KY 41101",Electrical worker died from burns and asphyxiation after a coke oven gas explosion.,Unknown,38.4784144,-82.6379387
TX,03/31/11,"DME Enterprises, Bridge City, TX 77611",A welder working on top of a storage tank was killed when the tank exploded, throwing the worker to the ground.,Unknown,30.0207678,-93.8457255
TX,04/01/11,"Orion Drilling Company LLC Altair Rig #7, Catarina, TX 78836",Worker died after being struck in the head from an 8-lb. bolt that fell 142 feet from a drilling rig.,Unknown,28.3455475,-99.6133788
WI,04/06/11,"Michels Pipeline, Livingston, WI 53554",Worker was electrocuted while installing a new set of power lines next to existing lines.,Unknown,42.8999924,-90.4309595
TN,04/08/11,"E & A Construction Chattanooga, TN 37421",Worker was killed after falling through a sky light while removing rubber roofing.,Unknown,35.041539,-85.1583064
FL,03/30/11,"Eller-I.T.O. Stevedoring Company L.L.C., Miami, FL 33132",Worker was struck and killed by a falling refrigerated container.,Unknown,25.7700009,-80.1679758
GA,04/01/11,"Macy's Department Store, Atlanta, GA 30326",A department store worker died after tripping over the leg of fixture and hitting his head on the tiled floor.,Unknown,33.849145,-84.3620913
IL,04/01/11,"Union Roofing, Inc., Bloomington, IL 61701",Worker repairing a metal roof died after falling eight feet from a ladder to the concrete ground.,Unknown,40.477779,-88.9892448
FL,04/07/11,"United Fire Protection, Inc., Lake Placid, FL 33610",Two workers filling a water storage tank and replacing a fire pump system were crushed when the building collapsed after the storage tank exploded.,Unknown,28.0007147,-82.3831561
GA,04/08/11,"Colonial Terminals, Inc., Savannah, GA 31415",Worker died from burns after a tanker truck filled with toluene caught fire and exploded.,Unknown,32.0730973,-81.1251235
IL,04/08/11,"Security Lumber & Supply Company, Bradley, IL 60915",Worker repairing a roof truss machine was crushed between a gantry table press and a finish roller.,Unknown,41.1454805,-87.8598861
MS,04/09/11,"Helen of Troy, Southhaven, MS 38672",Worker, who suffered a leg injury while operating a forklift truck, later died from complications from the injury.,Unknown,34.9341033,-89.9299949
IL,04/10/11,"City of Rochelle Rochelle Municipal Utilities Rochelle, IL 61068",Worker electrocuted while troubleshooting a power outage on a 4K phase-to-phase line.,Unknown,41.9239178,-89.0687073
IL,04/11/11,"Monshan Partners, Inc., Arcola, IL 61910",Worker was struck by a train while crossing railroad tracks to enter a nearby warehouse.,Unknown,39.684755,-88.3064367
AL,04/11/11,"RDA Service Company, Inc., Webb, AL 36376",Worker trimming trees died after falling 50 feet from an aerial bucket.,Unknown,31.2604534,-85.2732658
NY,04/11/11,"Southland Contracting, Inc., Webster, NY 14580",Worker was killed after falling onto a conveyor inside a tunnel.,Unknown,43.2122851,-77.4299939
CA,04/11/11,"Stidham Construction Kingsburg, CA 93631",Worker installing insulation in a barn died after stepping between the personnel lifting equipment and roofing, falling 30 feet to concrete floor.,Unknown,36.5138398,-119.5540175
LA,04/12/11,"Great Southern Dredging Inc., New Orleans, LA 70129",Worker using flange and bolts to connect water pump tubing was killed after being struck by the pump's intake tubing.,Unknown,30.0895241,-89.8317729
CA,03/25/11,"Tahoe Forest Hospital, Truckee, CA 96160",Hospital worker died of sepsis from methicillin-resistant Staphylococcus aureus (MRSA). Previously had work-related back injury before admitted to hospital. Unknown if work-related.,Unknown,39.325816,-120.2009439
FL,04/13/11,"Miami Transmission Parts, Hialeah, FL 33012",Worker moving inventory while on a ladder died after collapsing and falling nearly 8 feet.,Unknown,25.8641207,-80.3045967
OK,04/14/11,"United States Postal Service Pawnee, OK 74058",Worker was delivering mail on foot and was struck by a train.,Unknown,36.3378321,-96.8039232
FL,04/15/11,"Construction Tire Maintenance, Inc., Ocala, FL 34475",Worker removing tires from underneath a front end loader was crushed when the block supporting the loader broke loose.,Unknown,29.1871986,-82.1400923
CO,04/20/11,"Western Metal Recycling, Pueblo, CO 81004",Worker cutting a pressurized tank with a torch was killed when the tank exploded.,Unknown,38.2544472,-104.6091409
TX,01/26/11,"Pilot Travel Center # 726, Dallas, TX 75241",Worker cleaning a truck parking lot and was struck and killed by a tractor trailer.,Unknown,32.6604239,-96.7601057
TX,04/12/11,"Lighting Technologies, LP., Greenville, TX 75402",Worker retrofitting fixtures in an outdoor canopy was electrocuted after contacting an energized 277-volt electrical circuit.,Unknown,33.1384488,-96.1108066
LA,04/16/11,"Vice Construction, Inc., Westwego, LA 70094",Worker was struck by the hammer of a pile driver.,Unknown,29.9060388,-90.1422962
NC,04/18/11,"Barnhill Contracting Company, Tarboro, NC 27886",Worker was struck by a dump truck.,Unknown,35.8968236,-77.5358049
OH,04/22/11,"Canton Drop Forge, Canton, OH 44706",Worker was crushed between a parts bucket, barrel, and table after one of the bucket's cables broke.,Unknown,40.7502727,-81.4169093
TX,04/22/11,"SER Construction Partners, LLC., Houston, TX 77021",A concrete finisher was killed after a truck carrying concrete lost control and ran over him.,Unknown,29.6982259,-95.3573194
TX,04/22/11,"Youngblood Scrap and Metals, Longview, TX 75604",Worker using a propane and oxygen torch to cut a fuel tank was killed when the tank exploded.,Unknown,32.502529,-94.8002333
NJ,04/23/11,"All American Recycling Corporation, Jersey City, NJ 07307",Worker performing maintenance on a wheel loader was crushed between a forklift and a packer truck.,Unknown,40.7473758,-74.0505752
WI,04/25/11,"Ace Ethanol, LLC., Stanley, WI 54768",Worker died while performing cleaning operations inside a grain storage bin.,Unknown,44.9599657,-90.9370846
AL,04/27/11,"Hudmon Construction Co., Inc., Montgomery, AL 36104",Worker walking behind a bulldozer with a laser sight was killed when bulldozer operator backed up and over the worker.,Unknown,32.3989318,-86.3224638
FL,04/27/11,"Mike Smith, Inc., Ft. Pierce, FL 34945",Worker operating a backhoe to clean a canal drowned when the backhoe slid into the canal.,Unknown,27.4404618,-80.5660657
LA,04/28/11,"Austin Bridge & Road L.P., Tunica, LA 70782",Worker died after the aerial lift the worker was driving ran off the road and tipped over.,Unknown,30.9111341,-91.5366001
HI,04/07/11,"Moo's Machine Works, Inc., Honolulu, HI 96819",Worker testing an articulating boom was killed when the boom fell and struck him.,Unknown,21.3644294,-157.8689014
KS,04/07/11,"Rubbermaid Consumer, Winfield, KS 67056",Warehouse worker operating a conveyor died after falling seven feet from a steel rolling ladder to the concrete floor.,Unknown,38.0019199,-97.5044752
SD,04/28/11,"TJN Enterprises, Sioux Fall, SD 57104",Worker was struck and run over by a truck.,Unknown,43.6032799,-96.7172907
WI,04/30/11,"Zellner Tire Center, LLC., Blenker, WI 54415",Worker using a jack to elevate and repair a truck's brakes was crushed when the truck fell off the jack and onto his chest.,Unknown,44.613388,-89.9153002
NY,05/01/11,"Braden Drilling, LLC., Smyrna, NY 13464",Worker died after being caught between a steel staircase on a reach forklift and a drilling rig trailer.,Unknown,42.6872921,-75.5707376
WY,05/03/11,"Capitol Roofing, Cheyenne, WY 82002",Worker cutting roofing material at the edge of a roof was killed when he slipped and fell to the ground.,Unknown,41.14,-104.8199999
TN,05/04/11,"Crockett County Hwy Dept., Alamo, TN 38001",Worker cutting down a tree was struck and killed by snapped tree limb.,Unknown,35.7953915,-89.1554154
CA,05/05/11,"Donald Rhine, Corona, CA 92879",Worker removing tape from a window was killed after falling 20 feet from a scaffold.,Unknown,33.8813831,-117.5378439
TX,05/05/11,"Great American Insulation, Inc., Taylor, TX 76574",Worker exited a delivery vehicle, rolled underneath it while it was still in motion, and was run over by the back wheels.,Unknown,30.5707551,-97.4094438
TX,05/06/11,"Veolia Environmental Services, Alvin, TX 77512",Worker cleaning an industrial boiler suffered fatal burns after slipping into a steam pit while filling five-gallon buckets with water.,Unknown,29.4187707,-95.2390673
TX,02/28/11,"International Bankshare Corp., San Antonio, TX 78207",Worker walking on an elevated catwalk died when he fell nearly 12 feet through an unsecured access door.,Unknown,29.4174949,-98.5226706
FL,05/04/11,"Jeff Watts Plaster & Stucco, Co., Long Boat Key, FL 34228",Worker using a lift to patch stucco on a house was killed when he fell out of the lift and was crushed by the lift's box.,Unknown,27.3961382,-82.6321376
NV,05/04/11,"TRC Construction, Elko County, NV 89801",Worker died after falling 28 feet through a hole-opening on the roof of a remodel project.,Unknown,41.1852816,-115.7575196
CO,05/05/11,"C.O. Delivery LLC., Henderson, CO 80640",Delivery worker was killed inside a warehouse when his truck pinned him against another vehicle.,Unknown,39.9202178,-104.8660597
FL,05/06/11,"Calloway Contracting, Inc., Jacksonville, FL 32221",Worker holding a metal concrete slab hoisted by a crane was electrocuted when the crane touched an overhead powerline.,Unknown,30.253501,-81.8879884
NJ,05/06/11,"JA Alexander Inc., Kenilworth, NJ 07033",Construction worker was killed after he was crushed by a machine's roller.,Unknown,40.6764911,-74.2907032
TX,05/10/11,"Sipp Trucking, Allen, TX 75013",Worker using a forklift to unload 2,100 pounds of rubber pipes from a flatbed truck was killed when the pipes slipped and fell on him.,Unknown,33.1128019,-96.6958939
NY,05/11/11,"Harbor Point Mineral Products, Utica, NY 13502",Worker died after being trapped in a silo.,Unknown,43.100903,-75.232664
IL,05/11/11,"River Run Apartments, LLC, Macomb, IL 61455",Worker repairing air conditioning units died from a heart attack; possibly heat-related.,Unknown,40.4592076,-90.6717971
OH,05/12/11,"Smedley's Tree Service, Louisville, OH 44641",Electrical worker cutting down a tree was killed when the hydraulic cylinder came loose causing him to fall 30-feet to the ground.,Unknown,40.8372809,-81.2595519
TX,05/12/11,"William Grant Tank & Vessel, Inc., Henderson, TX 75652",Worker using a scaffold to gain access to a fabricated pressure vessel died after the scaffold dislodged, causing him to fall nearly 12 feet to the concrete floor.,Unknown,32.1532156,-94.7993802
UT,05/04/11,"Henrie Trucking, LLC, Kaysville, UT 84037",Worker unloading dump truck was crushed when the truck's tailgate fell on his head and neck.,Unknown,41.0352216,-111.9385521
KS,05/06/11,"Formation Plastics, Quinter, KS 67752",Worker troubleshooting material being formed in a pressure former was killed when he was crushed between the press frame and the moving plate.,Unknown,39.0694514,-100.2323551
IL,05/09/11,"IL Dept. of Natural Resources, Morris, IL 60450",Worker sitting on tractor bucket loader while taking a break was struck and killed by a car driven by park patron.,Unknown,41.3594648,-88.4391902
KS,05/10/11,"Ramsey Oil, Hutchinson, KS 67501",Worker cutting down a large tree died after the tree fell on him.,Unknown,38.0608445,-97.9297743
MO,05/11/11,"Roden Landscaping, Festus, MO 63028",Worker moving a trailer loaded with straw bales collapsed and died, possibly from heat stress.,Unknown,38.2206101,-90.3959543
CA,05/13/11,"Gustav Koven, Santa Monica, CA 90407",Worker fell from ladder into a 3-foot deep drained pool, possibly of cardiac arrest.,Unknown,34.02,-118.5
CA,05/14/11,"Bimm Enterprises, Angels Camp, CA 95222",Worker trying to stop his truck from rolling down the hill died after the truck ran over him.,Unknown,38.0677832,-120.5385299
NM,05/16/11,"James Hamilton Construction, Caballo, NM 87931",Worker struck by semi truck while working in a highway work zone.,Unknown,32.975612,-107.3078306
MA,05/16/11,"Mullins Marine Service, Inc., Winthrop, MA 02152",Worker using a device to loosen the wire cable that secured a boat was killed when the device broke from the concrete, trapping the worker against the wall.,Unknown,42.3737714,-70.9754842
MO,05/16/11,"Stutesman Auto Salvage, Highlandville, MO 65669",Worker was killed when the tractor tire he was inflating exploded.,Unknown,36.9328335,-93.2804626
NM,05/18/11,"City of Las Vegas, Las Vegas, NM 87701",Two workers installing a new water line died after being caught in an excavation wall collapse.,Unknown,35.5939574,-105.2238868
OH,05/20/11,"Whirlpool Corp. Marion Division, Marion, OH 43302",Production line worker collapsed and died.,Unknown,40.5886699,-83.1285242
NM,05/12/11,"Carlsbad Block & Supply, Carlsbad, NM 88220",Worker making repairs underneath a vehicle was crushed when the blocks supporting it shifted.,Unknown,32.4206736,-104.2288375
TX,05/13/11,"Superior Painting & Construction, Houston, TX 77043",Worker using a 24-foot aluminum ladder to paint the exterior walls of an apartment complex was electrocuted when his equipment contacted an overhead powerline.,Unknown,29.8054835,-95.5564777
MO,05/13/11,"TEC Payroll Services, Kansas City, MO 64108",Worker rigging a concert stage died after losing his footing and falling 40 feet.,Unknown,39.0795392,-94.5985613
CA,05/18/11,"XL Plastering, Santa Ana, CA 92704",Worker fell 3 stories from roof onto sidewalk while plastering adjacent wall with no fall protection.,Unknown,33.7246333,-117.9073244
KS,05/20/11,"Delmonte Pet Foods, Topeka, KS 66618",Employee working alone found unresponsive on concrete floor next to equipment.,Unknown,39.1582314,-95.7510475
TX,05/20/11,"H Construction Systems Inc., Littlefield, TX 79339",Worker fell 20 feet from a roof, then later died of a heart attack after being transported to the hospital.,Unknown,33.9173148,-102.3249022
CA,05/20/11,"P.B. Sod Farms, Chino, CA 91710",Two workers were electrocuted after the irrigation pipe they were moving contacted an overhead power line.,Unknown,34.0120229,-117.6786847
CA,05/21/11,"Bellagio Wood Tank Co. Inc., Healdsburg, CA 95448",Worker crushed when tractor overturned.,Unknown,38.6104658,-122.8691609
LA,05/22/11,"Shin Tech Louisiana LLC, Plaquemines, LA 70764",Worker entered a confined space and was asphyxiated.,Unknown,30.1060592,-91.3276422
PA,05/23/11,"A. Merante Contracting, Inc., Pittsburgh, PA 15213",Worker smoothing the ground in preparation for concrete was run over by a skid-steer.,Unknown,40.4379259,-79.9556424
MN,05/23/11,"Cambridge Fire Dept., Cambridge, MN 55008",Worker fell and hit head during training.,Unknown,45.57166,-93.221643
TN,05/23/11,"Nucor Steel, Memphis, TN 38109",Worker pinned between forklift load and rack of steel.,Unknown,35.0277217,-90.1401381
TN,05/24/11,"Britton Bridge, Knoxville, TN 37920",Worker struck and killed by a piece of concrete that fell from a bridge while doing demo work.,Unknown,35.953368,-83.9078875
TX,05/25/11,"Kenyon Plastering, Lubbock, TX 79416",Worker dropping pieces of scaffolding to a lower level was killed when his vest got caught in one of the pieces, causing him to fall 14 feet to the ground.,Unknown,33.6036178,-101.9690458
OH,05/25/11,"Thompson Electric Inc., Wooster, OH 44691",Worker operating a derrick truck was electrocuted after coming into contact with an energized line.,Unknown,40.8050565,-81.935143
OR,05/25/11,"Tyler Perrigo, Seaside, OR 97138",Worker killed in explosion while trying to cut the top off of a 55-gallon drum with a plasma cutter.,Unknown,45.9931636,-123.9226385
CA,05/26/11,"Go Native, Inc., Coastside, CA 94062",One worker was killed and five injured when their forest services truck ran off the road and rolled down a hill.,Unknown,37.4108927,-122.2880726
CA,05/26/11,"Hawthorne Police Dept., Torrance, CA 90250",Police officer killed in collision between two motorcycles during officer funeral.,Unknown,33.9127807,-118.3520389
AL,05/20/11,"Lowes, Inc., Enterprise, AL 36330",Worker was killed after his truck rolled back, crushing him between his and another truck.,Unknown,31.3151708,-85.8552161
TN,05/23/11,"Frank Cross dba Cross Cut Tree Service, Old Hickory, TN 37135",Worker electrocuted after his positioning device came in contact with a 13,200 volt powerline.,Unknown,35.9348433,-86.681253
TN,05/23/11,"Nucor Steel Memphis, Inc., Memphis, TN 38109",Worker pinned between the load on a powered industrial truck and a stack of steel.,Unknown,35.0277217,-90.1401381
FL,05/23/11,"Universal Service, Inc., Trenton, FL 32693",Worker cleaning sludge died after complaining of not feeling well.,Unknown,29.6132942,-82.8176203
FL,05/24/11,"Ardaman & Associates, Bal Harbour, FL 33154",Marine terminal worker complaining of not feeling well later died at the hospital.,Unknown,25.8917613,-80.1269896
NC,05/26/11,"Spartan Manufacturing Corp, Kernersville, NC 27284",Worker standing on top of a storage room died after falling off a 9-foot ladder.,Unknown,36.1198588,-80.0736533
OH,05/27/11,"E. I. du Pont de Nemours and Company, Electronic Technologies, Circleville, OH 43113",Department store worker died after collapsing to the floor.,Unknown,39.600618,-82.9460133
NC,05/27/11,"Peak Steel, LLC, Apex, NC 27523",Worker received fatal injuries after being struck by a falling section of structural steel.,Unknown,35.732652,-78.8502856
LA,05/28/11,"TGGT Holding, LLC, Shreveport, LA 71101",One worker was killed, another injured when the pressure vessel from a nearby tank exploded.,Unknown,32.5099127,-93.7485874
CA,04/14/11,"Our Lady of Angels, Burlingame, CA 94010",Worker changing light bulb on roof fell 30 feet from ladder to concrete ground below.,Unknown,37.5857924,-122.3731778
FL,05/03/11,"Showpay LLC, Orlando, FL 32821",Worker was struck by a stack of industrial lighting that was being raised on a forklift.,Unknown,28.3887262,-81.4773294
MO,05/13/11,"AEG Live Productions, LLC Kansas City, MO 64108",Worker putting together a concert stage died when he fell from a 40-foot overhead truss.,Unknown,39.0795392,-94.5985613
NJ,05/21/11,"Dynamic Auto Brokers, Inc., Sussex, NJ 07461",Worker removing a downed tree was electrocuted after coming in close proximity to a 7,200-volt downed powerline.,Unknown,41.2098177,-74.6076614
GA,05/26/11,"Southwood Apartments, Morrow, GA 30260",Worker moving window sills from a delivery truck died when he collapsed and struck his head on the asphalt.,Unknown,33.5831662,-84.3393683
PA,06/06/11,"Bowser Precision Areadia, PA 15712",Worker was fatally burned when the diesel fuel tank he was repairing exploded.,Unknown,40.7817618,-78.8546275
NM,06/06/11,"Mountain States Constructors, Moriarty, NM 87035",Worker performing maintenance died after being caught in between a closing hopper door.,Unknown,34.9900503,-106.0491893
AL,06/06/11,"Southern Tree Services, Gunthersville, AL 35976",Worker was struck and killed by a falling tree.,Unknown,34.3424511,-86.317392
WI,06/07/11,"Acme Galvanizing, Inc., Milwaukee, WI 53215",Worker using a crane to move a 1,200-pound steel bar was crushed when the bar fell on top of him.,Unknown,42.991356,-87.9432837
IA,06/07/11,"Cooperative Elevator Assoc., Ocheyedan, IA 51354",Worker transferring grain into a storage facility was found engulfed in the outside grain pile.,Unknown,43.4178725,-95.5346906
MS,06/07/11,"Southern Scrap of Meridian LLC, Meridian, MS 39307",Worker fixing a truck's brake lines was crushed between the truck and trailer.,Unknown,32.3643098,-88.703656
NC,06/07/11,"Triangle Paving & Grading Inc, Durham, NC 27703",Two workers died from oxygen deprivation after getting trapped in a manhole.,Unknown,35.9657059,-78.8042828
KS,06/07/11,"Tyson Fresh Meats, Inc., Holcomb, KS 67851",Worker cutting up meat died when he bumped into a coworker and the knife in the coworker's hand cut the worker's neck.,Unknown,37.9861353,-100.989333
WV,06/08/11,"Back Country Logging, Elkins, WV 26241",A skidder operator transporting logs was killed when the skidder's wheel rolled over a log, causing the log to flip up and strike the worker's head.,Unknown,38.9259397,-79.8467349
PA,06/08/11,"Edie Waste Incorporated, Marietta, PA 17547",Worker underneath vehicle making repairs to its wheel was crushed when the hand jack supporting the vehicle gave way.,Unknown,40.0570411,-76.5521882
IN,06/09/11,"Milestone Contractors, Lafayette, IN 47906",Worker was struck and killed by a car while painting stripes on the highway.,Unknown,40.4932743,-86.9624086
CA,06/09/11,"Sonny Jackson Roofing, Inc, Richmond, CA 94801",Worker installing plywood roofing died after falling nearly 20 feet off the edge of a residential roof.,Unknown,37.9429522,-122.3900901
AL,06/10/11,"Marjam Supply of Alabama, LLC, Montgomery, AL 36117",Worker trying to secure the crane operator seat with a bungee cord died from head injuries when the cord snapped, causing him to fall 10 feet to the ground.,Unknown,32.3822577,-86.1914604
TX,11/09/10,"FGJ, Inc. dba Lone Star Machine, Shallowater, TX 79363",Worker was using a lathe machine when his clothing got caught. Worker pulled his clothing out of the machine and fell and hit his head on the concrete floor.,Unknown,33.6889728,-101.9982275
MI,04/18/11,"Wachter Network Services, Harper Woods, MI 48225",Worker electrocuted while relocating televisions and cabling above an office ceiling.,Unknown,42.4330924,-82.9240833
NC,05/27/11,"Peak Steel LLC, Raleigh, NC 27523",Worker died from staph infection after surgery on neck, which was injured when struck by falling structural steel.,Unknown,35.7748764,-78.951451
MI,05/30/11,"Pine Grove Farm, Standish, MI 48658",Worker engulfed in silo after top layer of corn collapsed.,Unknown,43.9830762,-83.9588803
ME,06/03/11,"Hascall & Hall, Auburn, ME 04210",Worker was found with his neck under a 5-foot section of scaffolding.,Unknown,44.0978509,-70.2311655
CA,06/07/11,"Garza Contracting, Inc., Arvin, CA 93203",Worker died after falling from an 8-foot tripod ladder while thinning peach trees.,Unknown,35.2017986,-118.833105
GA,06/08/11,"Bak Auto Inc., Scottdale, GA 30079",Worker was servicing a vehicle when it slipped off of the jack stand and crushed the worker.,Unknown,33.7886451,-84.2568529
MN,06/10/11,"Squeegee Squad, St. Louis Park, MN 55426",Window washer died after falling from an 8-story building.,Unknown,44.954644,-93.3847969
CA,06/11/11,"Planet Organics Inc., Oakland, CA 94601",Worker struck by rolling, unattended delivery van.,Unknown,37.7729273,-122.2143323
TX,06/11/11,"Robinson Drilling of Texas, Ltd., Lamesa, TX 79331",Workers were pushing the kelly towards a mouse hole. The kelly bushing blew apart and pieces struck two employees on the head.,Unknown,32.7376001,-101.950992
PA,06/11/11,"Thermoclad Company, Inc., Erie, PA 16511",Worker suffered a heart attack.,Unknown,42.1674223,-79.9919995
NC,06/12/11,"Lowe's Home Center, Inc., Charlotte, NC 28203",Worker struck by roll-up door as he was closing it.,Unknown,35.2146586,-80.8599193
LA,06/14/11,"GMC Services, LLC, Lafayette, LA 70507",Worker was changing a compressor on a rooftop unit when he came into contact with an energized wire and was electrocuted.,Unknown,30.270113,-92.037116
CA,06/14/11,"Interstate Tree Service, Stockton, CA 95209",Worker fell from tree after cutting himself with chainsaw while trimming tree branches.,Unknown,38.0521138,-121.3484448
FL,06/14/11,"Pepper Contracting Services, Inc., Brandon, FL 33511",The worker was picking up traffic-control devices when he was hit by a pickup truck.,Unknown,27.9082595,-82.2909146
IN,06/15/11,"City of Muncie Fire Department, Muncie, IN 47305",Firefighter killed after being trapped inside building when roof collapsed during fire.,Unknown,40.195055,-85.387129
CA,06/15/11,"City of Redding, Redding, CA 96001",Worker received fatal injuries in water pressure tank explosion after tank wall failed as it was being reloaded.,Unknown,40.5839704,-122.3958624
TX,06/16/11,"Associated Marine & Industrial Staffing, Inc., Houston, TX 77015",Worker was crushed by bundles of steel as he attempted to put a strap around them at the bottom of the ship.,Unknown,29.7690048,-95.1744903
LA,06/16/11,"Hayward Bakr, Inc., New Orleans, LA 70127",Worker hit his head on the ground when he fell from a cargo trailer while moving materials.,Unknown,30.0087342,-89.9720133
IN,06/16/11,"Indiana Dept of Transportation, Rensselaer, IN 47978",Worker struck and killed by vehicle.,Unknown,40.946195,-87.1386408
KS,06/16/11,"Sabina Landaverde, Olathe, KS 66062",Worker fell from the rooftop while engaging in work.,Unknown,38.8271089,-94.7898731
FL,03/31/11,"B&L Services, Fort Lauderdale, FL 33311",Worker died after exposure to chemicals during spray painting operations.,Unknown,26.142147,-80.1763467
AL,06/15/11,"Stafford Development & Construction, Inc., Guntersville, AL 35976",Worker was removing a tree when he was struck by another tree being moved by a machine.,Unknown,34.3581473,-86.2947041
IL,06/17/11,"City of DuQuoin Fire Department, Pinckneyville, IL 62274",Firefighter crushed by collapsing wall while fighting fire.,Unknown,38.0803286,-89.3820321
NC,06/17/11,"LAD, INC. dba Roto-Rooter, Fayetteville, NC 28301",One worker killed and one injured after making contact with electricity during plumbing work in crawl space.,Unknown,35.0637521,-78.8722341
IN,06/20/11,"Ace Automotive, New Albany, IN 47150",Worker struck by vehicle while performing automotive service.,Unknown,38.2856247,-85.8241312
CA,06/20/11,"Sunrise Farms, Pixley, CA 93274",Worker pinned under tire while attempting to jump-start tractor that rolled.,Unknown,38.4614598,-121.403421
LA,06/21/11,"Intercoastal Repair Service, Jefferson, LA 70181",Worker was cleaning up hopper barge. He was found between two barges downriver from where he fell.,Unknown,29.9640473,-90.1999318
OH,06/21/11,"JB Hunt Transport, Inc., Grove City, OH 43123",Worker was caught between two trailers.,Unknown,39.8814519,-83.0929644
CA,06/21/11,"P G & E, Tracy, CA 94105",Worker electrocuted while working on powerline from a bucket truck.,Unknown,37.745398,-121.43402
OR,06/21/11,"Portland Mechanical Construction Inc., Hubbard, OR 97032",Worker fell 10-12 feet from a ladder.,Unknown,45.1823423,-122.8078718
NC,06/22/11,"Gilbane Building Company, Sanford, NC 27330",Worker fell 20 feet through roof decking damaged during tornado while performing an inspection.,Unknown,35.4798757,-79.1802994
KS,06/22/11,"Golden Alley, Inc., Rozel, KS 67574",Worker was sweeping the elevator when he stepped into a manhole and fell 70 feet into the grain bin.,Unknown,38.1958478,-99.4031691
TX,06/22/11,"Ridgeway Electric, Ozona, TX 76943",Worker went out to repair a powerline. The line was energized when the worker touched the wire and he was electrocuted.,Unknown,30.7088889,-101.2041667
PA,06/23/11,"Matrix Electrical Contractors, Philadelphia, PA 19148",Worker was holding a tag line when a 10-ton hook and block fell and struck his head.,Unknown,39.9120596,-75.1487007
IN,06/23/11,"Robert B. Marshall Inc., Shelbyville, IN 46176",Worker crushed in building collapse while performing deconstruction work.,Unknown,39.5214373,-85.7769238
FL,06/09/11,"Imanna Laboratory, Inc., Rockledge, FL 32955",Worker testing a fuel tank without protective equipment died from burns after the tank exploded.,Unknown,28.319848,-80.729026
PR,06/10/11,"Autoridad de Energia Electrica de Puerto Rico, Aguirre, PR 00704",Worker died after losing control of vehicle while traveling on an unpaved road.,Unknown,17.9769001,-66.2265014
AL,06/13/11,"Crown Health Care Laundry, Selma, AL 36702",Worker was cleaning lint out of an industrial dryer when it fell on her crushing her at the waist.,Unknown,32.4060463,-87.0242616
TX,06/18/11,"Trevcon Inc., Plano, TX 75024",Worker installing concrete panels was caught in between the tires of a telehandler.,Unknown,33.0787152,-96.8083063
RI,06/20/11,"Fernandes Construction, Woonsocket, RI 02895",Construction worker died after falling through a building's skylight.,Unknown,42.0028761,-71.5147839
KY,06/23/11,"University Of Kentucky, Lexington, KY 40506",University worker died from head trauma after falling from the parking garage's fifth level.,Unknown,38.0306511,-84.5039697
AR,06/24/11,"Abayla Construction Services, Conway, AR 72032",Worker removing electrical cable died from a 277-volt shock.,Unknown,35.0886963,-92.4421011
OK,06/24/11,"Ada Energy Services LLC, Stonewall, OK 74871",Worker drilling oil inside an oil well collapsed and later died from apparent heat stress.,Unknown,34.6525901,-96.5261161
FL,06/24/11,"Hughes Towing & Recovery, Orlando, FL 32805",Worker off-loading a motor home was killed when the RV rolled over him.,Unknown,28.5345501,-81.4004227
IL,06/24/11,"Ralsdeck Painting and Staining, Stockton, IL 61085",Worker painting a barn in an aerial lift was electrocuted when he contacted a power line.,Unknown,42.3497355,-90.0067916
CO,06/27/11,"Chisholm Tree Cutting Service, Saguache, CO 81149",Worker was cutting trees when he made contact with power lines.,Unknown,38.0875,-106.1419671
CA,06/27/11,"Davey Tree Surgery, Co., Livermore, CA 94550",Worker was struck by a tree.,Unknown,37.6818745,-121.7680088
CA,06/27/11,"Unknown company, San Mateo, CA 94401",Worker died after falling more than 15 feet from ladder while moving telephone line.,Unknown,37.5793536,-122.3164207
CA,06/28/11,"Beaumont Cherry Valley Water District, Beaumont, CA 92223",Utility worker marking a water line was killed by vehicle.,Unknown,33.9294606,-116.977248
TX,06/28/11,"Granbury Contracting & Utilities Inc., Granbury, TX 76048",Worker evaluating a sewer lift station died from gas exposure when he ruptured the sewer pipe, releasing liquid sewage and methane gas.,Unknown,32.4420826,-97.7941967
MI,12/31/10,"Sweet Dreams Pastry Shop, Warren, MI 48092",Store worker died after falling off ladder and hitting his head.,Unknown,42.5079541,-83.0683519
IA,03/08/11,"Railworks Track Systems, Council Bluffs, IA 51503",Worker died after being hit by a piece of metal while removing railroad track.,Unknown,41.2619444,-95.8608333
IA,03/16/11,"Iowa Bridge and Culvert, Iowa City, IA 55242",Worker was struck and killed by beams when a construction shoring system failed.,Unknown,41.8780025,-93.097702
NC,06/07/11,"Institution Food House, Inc., Hickory, NC 28603",Worker was killed when pinned between truck and loading dock as truck backed in.,Unknown,35.7313793,-81.340794
IA,06/10/11,"D.C.G. Peterson Brothers, Inc., Manson, IA 50563",Worker installing heavy overhead door was crushed when the door fell.,Unknown,42.5291439,-94.5341421
TN,06/27/11,"United Telephone Southeast, Erwin, TN 37650",Worker inside a bucket truck parked on an unstable gravel road died after the truck tipped over.,Unknown,36.1451082,-82.4168055
TX,06/28/11,"Herzing Roofing, LLC, Universal City, TX 78148",Worker repairing a roof died from head injuries after slipping and falling nearly 20 feet to the concrete.,Unknown,29.5480071,-98.2911235
IL,07/01/11,"City of Fulton - De Immigrant Windmill, Fulton, IL 61252",Worker struck on head by part of windmill and fell 10 feet onto the wheel spur.,Unknown,41.8672508,-90.1595705
FL,07/02/11,"Carousel LLC, Orlando, FL 32819",Worker resetting a switch on a ride was struck and killed by the ride's counterweight.,Unknown,28.4630493,-81.460856
TX,07/02/11,"Texas Industries Inc., Dallas, TX 75247",Worker walking under the plant in the silo area died after losing his balance and falling.,Unknown,32.8166692,-96.8833562
MI,07/05/11,"McDonagh Amusements Inc., Chesaning, MI 48616",Worker was electrocuted while helping take down an amusement ride.,Unknown,43.1847483,-84.1149747
OH,07/05/11,"T W Benson Trucking, Ashtabula, OH 44004",Worker was killed when his truck, which had known maintenance issues, veered off the road.,Unknown,41.8650534,-80.7898089
CA,07/06/11,"A-1 Appliance Repair Services, Hayward, CA 94541",Worker was electrocuted while repairing a dryer.,Unknown,37.6737239,-122.1007867
IL,07/06/11,"Apak, Inc., Mundelen, IL 60060",Worker was electrocuted while fixing a machine.,Unknown,42.2785596,-88.0314174
IN,07/08/11,"Twigg Aerospace Components, Martinsville, IN 46151",Worker was electrocuted while performing maintenance work.,Unknown,39.4278253,-86.4283279
TN,07/02/11,"Dredge and Marine Company LLC, Nashville, TN 37218",Worker died from burns after an explosion occurred inside of the boat he was painting.,Unknown,36.2337188,-86.8922723
FL,07/03/11,"Greater Miami Baseball Club Limited Partnership, Ft. Myers, FL 33912",Worker died after his pelvis was crushed in a moving freight elevator.,Unknown,26.5273497,-81.8333656
IL,07/05/11,"Total Grain Marketing, LLC, Metcalf, IL 61940",Worker riding a scissor lift was electrocuted after contacting live powerlines.,Unknown,39.801146,-87.8072504
TX,07/06/11,"Johnson Roofing, Waco, TX 76712",Worker installing insulation on a roof died fom head trauma after slipping off the roof's edge and falling more than 20 feet.,Unknown,31.5348439,-97.286868
UT,07/06/11,"Sunroc Corp, Cedar City, UT 84720",Worker died after he was run over by a front-end loader while clearing a work site.,Unknown,37.6774769,-113.0618931
NM,07/08/11,"Patterson UTI Drilling Company, Carlsbad, NM 88220",Worker was struck and killed by hoisting equipment while working on an oil drilling rig.,Unknown,32.4206736,-104.2288375
WI,07/09/11,"Mike Howe Builders, Inc., Two Rivers, WI 54241",Worker was killed when a truck driver backed up pinning him in between the truck and a dumpster.,Unknown,44.1538844,-87.5692478
ID,07/09/11,"URS Corporation, Soda Springs, ID 83230",Worker driving a construction road scraper was killed after the scraper rolled over into a pond.,Unknown,42.72,-111.54
OH,07/11/11,"Charles R. Ellis, Richwood, OH 43344",Worker was in the process of removing a large tree when it fell on him knocking him to the ground.,Unknown,40.4264477,-83.2968631
CO,07/11/11,"Evergreen Caissons, Telluride, CO 81435",Worker died after falling into a covered hole that gave way.,Unknown,37.9374939,-107.8122852
TX,07/12/11,"MC Lighting Maintenance, Houston, TX 77088",Worker installing a switch on an electric light was electrocuted, then fell from the scissor lift onto the floor.,Unknown,29.8790707,-95.4515725
WV,07/12/11,"McPherson Son's Plumbing & Heat, Evans, WV 25241",Worker performing service on exterior A/C unit was electrocuted.,Unknown,38.7736818,-81.8115051
NC,07/13/11,"Nash Johnson & Son, Rose Hill, NC 28458",Farm worker died from possible heat illness after experiencing light-headedness and confusion while collecting eggs.,Unknown,34.8282235,-78.0230416
IL,07/13/11,"The Brickman Group LLC Ltd., Mokenia, IL 60448",Worker was crushed when he was thrown from the powered industrial vehicle he was driving and it fell on top of him.,Unknown,41.5318621,-87.8844309
TX,07/14/11,"Con-Way Freight, San Antonio, TX 78220",Worker was killed when a crate of equipment fell on top of him.,Unknown,29.4143476,-98.3910127
FL,06/09/11,"Frontier Industrial Corp., St. Petersburg, FL 33702",Worker cutting beams in preparation for a controlled building demolition died when the building collapsed prematurely.,Unknown,27.8512042,-82.6321376
MI,06/23/11,"DH Roberts Construction of Jonesville, Battle Creek, MI 49036",Construction worker was crushed between boom lift and steel beam.,Unknown,41.9327779,-85.0649071
IA,07/06/11,"Casey's General Stores, Inc., La Porte City, IA 50651",Worker collapsed and died from asphyxiation while trying to escape a store fire.,Unknown,42.3149911,-92.1921275
GA,07/10/11,"Pike Creek Turf Farms, Inc., Adel, GA 31620",Worker was electrocuted while hooking up a power generator that was still running.,Unknown,31.1371358,-83.4234936
MA,07/12/11,"Essex Newbury Contracting Services Corp., Newbury, MA 01951",Worker, who complained of feeling sick while digging a one-foot trench, collapsed and later died.,Unknown,42.7796754,-70.8476708
TN,07/14/11,"Wilson and Associates, White Pine, TN 37890",Worker performing reconstruction work on roadside was struck and killed by car.,Unknown,36.1086111,-83.2919444
AR,07/16/11,"Dolle Electric, Inc., Rogers, AR 72758",Worker performing construction activities collapsed and died from apparent heat illness.,Unknown,36.2989178,-94.1718542
CA,07/16/11,"Moore Brothers, Colusa, CA 95950",Worker killed when an electrical panel exploded.,Unknown,39.0458649,-121.9359339
TX,07/17/11,"Wal-Mart #275, Livingston, TX 77351",Worker buffing floors died after he slipped and hit his head on the floor.,Unknown,30.711029,-94.9329898
IL,07/18/11,"Imperial Steel Construction, Bensenville, IL 60106",Worker died after falling approximately 35 feet without fall protection from a bar joist.,Unknown,41.9550296,-87.9400657
KS,07/19/11,"Goodyear Tire & Rubber Co, Topeka, KS 66603",Worker collapsed and died after making repairs to a rubber cooling machine.,Unknown,39.0555831,-95.6747209
PA,07/19/11,"Head Roofing, Pittsburgh, PA 15206",Worker was killed when an aluminum scaffold plank fell and struck him in the head.,Unknown,40.4720642,-79.9136731
IL,07/19/11,"Management Mccord Assest, Peoria Heights, IL 61616",Worker falling from roof, grabbed an exposed electrical wire to catch himself and was electrocuted.,Unknown,40.7505132,-89.5639119
MI,07/19/11,"W W Fairbairn & Sons Inc., Walloon Lake, MI 49796",Worker was electrocuted after touching exposed wire while removing water lines.,Unknown,45.2728738,-84.9313157
IL,07/20/11,"Keystone Consolidated Industries, Bartonville, IL 61607",Worker was found dead inside a break trailer.,Unknown,40.6503158,-89.6520455
MN,06/30/11,"Precision Tree and Landscaping, Apple Valley, MN 55124",Worker died after falling nearly 50 feet while trimming trees.,Unknown,44.7319094,-93.21772
CA,07/11/11,"Power Bros Machine, Montebello, CA 90640",Worker electrocuted while replacing a fuse in an air compressor.,Unknown,34.0165053,-118.1137535
