4/10/13,"Cathay Pacific Airways Ltd., Jamaica,  NY 11430",Employee struck and killed by cargo transporter during loading operations at airport.,Fatality
4/10/13,"DC Cash and Carry,  Washington,  DC 20002",Employee died after falling 10 feet from a powered industrial truck while accessing a rack storage system.,Fatality
4/10/13,"Masonry Medic LLC,  Cynthiana, KY 41031","Two workers electrocuted when the boom truck basket they were inside contacted a 7,200-volt power line while they performed chimney repair work.",Fatality
4/10/13,"Pacific States Industries dba Redwood Empire Sawmill, Cloverdale, CA 95425",Worker died after becoming stuck in a debarker while trying to unjam the machine.,Fatality
4/10/13,"Residential Creations LLC, Bridgeport, WV 26330",Employee died after falling 20 feet to the ground while making repairs to residential structure. ,Fatality
4/10/13,"Spillzz LLC,  Jacksonville,  FL 32254",Worker died after a garage collapsed on him while he was removing wood planks.,Fatality
4/10/13,"Utah Truck and Trailer Repair, LLC, Salt Lake City, UT 84119",Worker died when truck he was servicing slipped into gear and ran over him.,Fatality
4/9/13,"Waste Landfill Recycling Services, Guanica, PR 00653",Worker struck and killed by garbage container that came loose during unloading process.,Fatality
4/8/13,"A Street Logging, Fenwick,  WV 26202",Worker struck and killed by falling tree.,Fatality
4/8/13,"Department of Public Works,  Indianapolis, IN 46204",Worker died after being pinned between tree and sanitation truck and then run over by truck.,Fatality
4/8/13,"Excel Utility Construction Inc., Mineola, TX 75773","Employee killed when a boring machine tipped over, crushing him.  ",Fatality
4/8/13,"R. R. Donnelley and Sons Company, Lancaster,  PA 17601",Employee killed after being crushed by the rear axle of forklift. ,Fatality
4/8/13,"S C SAPP Inc., Leopold, IN 47630",Employee died after falling from courier/delivery vehicle.,Fatality
4/7/13,"AK Steel Corporation, Middletown, OH 45043",Worker died from burns after an explosion at a steel mill.,Fatality
4/6/13,"Hernandez Lanscaping, San Clemente, CA 92673",Worker died from head injuries after falling six feet while trimming trees.,Fatality
4/5/13,"Basic Energy Services, Barstow, TX 79719",Two workers died from injuries from a blown high-pressured oil well.,Fatality
4/5/13,"Pacific Excavation, Coto de Caza, CA 92679                                           ",Worker died when a side wall collapsed on him while performing sewer/storm drain cleanup.,Fatality
4/5/13,"R. King Window Corp., Brooklyn, NY 11222",Worker died from fall while cleaning building windows.,Fatality
4/5/13,"Upstage Center Inc,  San Antonio, TX 78219",Worker died from a 100-foot fall while dismantling iron cross beams in a concert stage setup. ,Fatality
4/5/13,"Wilkinson Roy Iron & Metal Inc., McAllen, TX 78501",Employee struck and killed by the front axle of a tandem axle trailer.,Fatality
4/4/13,"Balyasny Asset Management LP, Mequon, WI 53097",Worker died after falling from second floor to lower level of residential home while disassembling a scaffold.,Fatality
4/4/13,"Dring Air Conditioning and Heating, Fort Worth, TX 76107",Employee died after falling 20 feet from a ladder.,Fatality
4/4/13,"Fort Worth Grain Exchange, Frederick,  OK 73542",Employee electrocuted when a probe used to take grain samples contacted an overhead power distribution line.,Fatality
4/4/13,"Vesuvius USA Corporation, Chicago Heights, IL 60411",Employee died after making contact with moving auger blades while cleaning a refractory mixer.,Fatality
4/3/13,"BAE Systems Southeast Shipyard, Mobile,  AL 36652","Employee has not been found and is presumed dead after cruise ship he was painting broke loose during heavy weather causing vessel to strike pier, throwing him into water.",Fatality
4/3/13,"New England Motor Freight Inc., Batavia, OH 45103",Employee died after being crushed between truck bed edge and a load of construction materials.,Fatality
4/3/13,"Paladin Attachments, Ooltewah, TN 37363",Worker died when steel sheeting fell from a crane and crushed him.,Fatality
4/3/13,"Samuelson Funeral Services In., Mankato, MN 56001",Worker died after falling down steps while transporting materials.,Fatality
4/3/13,"Ward Trucking LLC, Grove City, PA 16127",Worker died after being caught between a semi truck and loading dock.,Fatality
4/2/13,"3rd and Ash LLC, Dallas, TX 75226",Employee died after falling 25 feet through roof skylight.,Fatality
4/2/13,"Carol Tires, Henderson, TX 75652",Employee killed after being struck by vehicle when he stepped out of his truck on the side of the highway. ,Fatality
4/2/13,"Left Coast Cellars LLC, Rickreall, OR 97371",Worker died from head injuries after falling from a tractor.,Fatality
4/2/13,"Worknet Staffing, Leesville, LA 71446","Employee died while riding as a passenger in a delivery vehicle that collided with an 18-wheel truck.",Fatality
4/1/13,"Emerald Construction Corp., Sunny Isles Beach,  FL 33160","Employee died after falling 30 feet to the ground while securing 2x4s to a wall.",Fatality
4/1/13,"Hedge & Herberg Inc.,  Ortonville, MN 56278",Worker died from burns after the semi-trailer he was working on caught fire.  ,Fatality
4/1/13,"Jerry's Rentals & Specialties Co. Inc., Lopez Well #11 Encino  TX 78353",Worker died from pressure of a blow out that occurred during an oil field stump test.,Fatality
3/31/13,"Precision Surveillance Corporation, Russellville,  AR 72802",Employee killed after being struck by a collapsing crane.,Fatality
3/30/13,"M&C Motorcycles,  Long Beach, CA 90802",Worker died after being struck by vehicle while testing repaired motorcycle.,Fatality
3/28/13,"IL State Police - District #15, Northbrook, IL 60062",Worker died after being struck by semi-truck while assisting a motorist.  ,Fatality
3/28/13,"Kimble Mixer Company, Philadelphia, OH 44663",Employee died after a presumed fall.,Fatality
3/28/13,"NJ Division of Parks and Forestry, Clinton, NJ 08809",Worker died after being struck by vehicle while performing controlled forestry burns in the park. Ê ,Fatality
3/28/13,"Spectrum Contracting Inc., St. Petersburg, FL 33710",Employee died after falling 30 feet off a scissors lift on which he was working.,Fatality
3/27/13,"Arbor Care Inc., Houston, TX 77008",Employee died after falling nearly 50 feet from a bucket while performing tree trimming operations.,Fatality
3/27/13,"Barralaga's Roofing & Siding, Ocean City, NJ 08226",Employee died after falling from a residential roof to the ground below.,Fatality
3/27/13,"Becco Contractors Inc., Tulsa, OK 74145",Employee died after being struck by vehicle.,Fatality
3/27/13,"Comfort-Air Engineering Inc., San Antonio, TX 782181",Employee died after falling through a skylight while installing HVAC piping.,Fatality
3/27/13,"Craft Machine Works, Inc.,  Hampton, VA 23661",Worker died when caught between a vertical door counterweight and support structure.,Fatality
3/26/13,"Ardagh Glass Inc., Henryetta, OK 74437",Employee died from injuries after being crushed by a forklift.,Fatality
3/26/13,"BBG Services, Corpus Christi, TX 78414",Employee died when trench collapsed and crushed him.,Fatality
3/26/13,"Duplo USA Corporation, Henderson, NV 89002",Worker died after vehicle collided with another on interstate highway.,Fatality
3/25/13,"Juan Betancourt-Duran, Katy, TX 77494",Employee died after being struck by falling wall.,Fatality
3/24/13,"Newark Brothers Inc., Newark, NJ 07103",Employee shot and killed during altercation between restaurant patrons.,Fatality
3/23/13,"Magnussen Brothers Inc., Fostoria, IA 51340",Worker crushed and killed after bales of corn stalk fell on him.,Fatality
3/22/13,"Construction Engineering Consultants (CEC, Inc.), Newport News, VA 23606  ",Worker died from a fall while installing gutters and replacing window trim.,Fatality
3/22/13,"S. McClain Stone Company, Vestal, NY 13850",Employee struck and killed by forklift.,Fatality
3/21/13,"Indianapolis Funeral Escort Services, Indianapolis, IN 46227",Worker leading a funeral procession on motorcycle died from injuries when the motorcycle hit the center median and slid 60 feet. ,Fatality
3/21/13,"Mollertech LLC, Shelby Twp, MI 48315",Employee died after being struck by a mold that hooks to crane.  ,Fatality
3/20/13,"Burnham Industrial Contractors Inc., Haywood, WV 26366",Worker died after falling from collapsed roof onto a filter device.,Fatality
3/20/13,"Woodworks Construction, Franklin, MI 48025",Worker died from 35-foot fall after wind gusts pushed him and a window he was installing off forklift platform.,Fatality
3/19/13,"Freeman LP Corp, Long Beach, CA 93584",Worker died from injuries after falling 11 feet from scaffold.,Fatality
3/18/13,"Astro Aluminum Treating Company, South Gate, CA 90280",Worker crushed and killed after a stack of cylinder racks fell on him.,Fatality
3/18/13,"Boeing, North Charleston, SC 29418",Worker died after falling 30 feet from a mobile scaffold.  ,Fatality
3/18/13,"JRJ Trucking  LLC, Thomasville, NC  27360",Worker crushed and killed after the tractor trailer he was repairing fell on him.,Fatality
3/18/13,"Parker Integrated Sealing Systems, Ligonier, IN 46767",Worker electrocuted while repairing light fixture.,Fatality
3/18/13,"Patriot Drilling LLC, Orla, TX 79770",Employee struck and killed by pipe at drilling rig site.,Fatality
3/18/13,"The Clubs at Colonial Ridge, Harrisburg, PA 17112",Employee struck and killed by tree he was cutting down.,Fatality
3/17/13,"Frontier Drilling LLC, Wellington, UT 84542                                  ",Worker died after being struck by a chain and hook from an extended forklift.,Fatality
3/17/13,"Reedy Creek Energy Services Inc., Lake Buena Vista, FL 32830",Employee died after falling from scaffold.,Fatality
3/17/13,"White Pigeon Paper Co., White Pigeon, MI 49099",Worker died after falling into a pulper while welding equipment.,Fatality
3/16/13,"Thornton's Gas Station, Streamwood, IL 60107",Employee killed after robbery at gas station.,Fatality
3/15/13,"Thompson Metal Fab Inc., Vancouver, WA 98668",Worker crushed and killed when steel wing wall collapsed.,Fatality
3/14/13,"Los Angeles Engineering Inc., Los Angeles, CA 90272",Worker killed when trench collapsed.,Fatality
3/14/13,"Schneider Milling Inc., Waverly, IA 50677",Two workers died from possible carbon monoxide exposure after entering a grain bin to unclog an auger.,Fatality
3/13/13,"NLMK Indiana Portage, IN 46368",Workers were diagnosing Joslyn switch that was supposedly locked-out.  Circuit completed and voltage went through meter resulting in an arc flash. Three workers were hospitalized with burns.,Catastrophe
3/13/13,"Prime Wheel Corp., Harbor City, CA 90248",Worker killed after being caught between hoist and plating tank. ,Fatality
3/13/13,"River Parish Maintenance Inc., Norco, LA 70079",Worker died after being crushed by cylinders that rolled off fork-truck.,Fatality
3/13/13,"TIC dba The Industrial Company, Bakersfield, CA 93308",Worker died from injuries when forklift overturned and rolled down hill.  ,Fatality
3/12/13,"Upper Valley Disposable Services Inc., St. Helena, CA 94574",Worker was struck by company truck and dragged approximately 200-300 feet.  Worker was pronounced dead at scene.,Fatality
3/11/13,"Harris Camden Realty Inc., Camden, NJ 08104",Employee died after falling through roof opening onto steel landing. ,Fatality
3/11/13,"Rieke Grading, Shawnee Mission, KS 66227",Worker died when the pump truck he was welding exploded.,Fatality
3/8/13,"J Flores Roofing Inc., Oak Ridge, NC 27310",Worker died from fatal fall while repairing roof at residential house.,Fatality
3/8/13,"Mcm Carpentry LLC, Woodbridge, Virginia 22193",Worker struck and killed by steel I-beams while working in unfinished basement.,Fatality
3/7/13,"Apple Valley Waste Services, Gerrardstown, WV 25420",Worker struck and killed by vehicle while collecting trash.,Fatality
3/7/13,"Apple Valley Waste Services, Gerrardstown, WV 25420",Worker struck and killed by vehicle while collecting trash.,Fatality
3/7/13,"Martinrea Hopkinsville LLC, Hopkinsville, KY 42240",Worker killed after being pinned under machine at automotive plant.,Fatality
3/6/13,"C&J Energy Services Inc., Moulton, TX 77975",Worker died when fork-truck fell on him after going over ramp.,Fatality
3/6/13,"Davis Tool & Die, Fenton, MO 63026",Worker electrocuted while working on industrial furnace.,Fatality
3/6/13,"Hudson Community FPD - Main Station Hudson, IL 61748",Five workers hospitalized after being struck by a trailer carrying automobiles.,Catastrophe
3/6/13,"Hudson Community FPD - Main Station, Hudson, IL 61748",Worker killed after being struck by a trailer carrying automobiles.,Fatality
3/6/13,"Purina Animal Nutrition, Evansville, IN 47711",Worker suffocated after becoming trapped in man lift.,Fatality
3/6/13,"Schlitterbahn Beach Resort Management LLC, South Padre Island, TX 78597",Worker killed after being caught between the gate of a wave pool he was repairing.,Fatality
3/4/13,"Gin-Spen Inc., Andrews, TX 79714",Worker died from head injuries after falling from back of pickup truck.,Fatality
3/2/13,"Bradsher Boys, Inc., Raleigh, NC  27615                    ",Worker killed after becoming entangled in a mulch auger.,Fatality
3/1/13,"CR&R, Inc., Stanton, CA  90680",Worker struck and killed by a projectile while welding.,Fatality
3/1/13,"GB Auctions, Inc., Spokane, WA 99219",Worker died of CO poisoning emitted after gas-powered generator used inside trailer failed.,Fatality
2/28/13,"Charles Blalock and Sons Inc.,  White Pine, TN 37890",Worker struck and killed by tractor trailer at construction site.,Fatality
2/28/13,"Southwest Transportation  LLC, Loving, NM  88256",Worker struck and killed by a hatch lid that blew off tank while he loaded well-water into disposal well.,Fatality
2/27/13,"Asplundh Tree Expert Co., Charlotte, NC  28217",Worker struck and killed by falling tree.,Fatality
2/26/13,"Gardner Brothers Drilling Inc., Beaver, UT 84725",Worker struck and killed by pipe that came loose during drilling.,Fatality
2/26/13,"Gilles & Audrey FleuryTrust, Anaheim, CA 92802",Worker died after falling 14 feet to concrete on construction site.,Fatality
2/26/13,"Penhall Co, Brigham City, UT 84302",Worker crushed and killed when a section of building's roof collapsed during demolition operations.,Fatality
2/25/13,"CSC Sugar LLC, Fairless Hills, PA 19030",Employee killed after falling into a sugar hopper.,Fatality
2/25/13,"J.G. Boswell Company, Bakersfield, CA 93311",Worker drowned after accident caused vechicle to land in canal.,Fatality
2/25/13,"Pete Gould & Sons Inc., Ellenboro, WV 26346",Employee struck and killed by falling tree.,Fatality
2/25/13,"Sidewinder Drilling, Carrollton, OH 44615",Worker killed when struck by drilling equipment.,Fatality
2/24/13,"Turner Specialty Services LLC, Darrow, LA 70725",Employee crushed and killed by conveyor belt rollers undergoing maintenance.,Fatality
2/23/13,"RSI Home Products Manufacturing, Inc., Lincolnton, NC  28092",Worker killed after being caught in saw machine at cabinetry facility.,Fatality
2/22/13,"Hagel Metal Fabrication Inc., East Peoria, IL",Worker operating laser machine struck and killed by metal debris.,Fatality
2/22/13,"Saddai Inc., Perth Amboy, NJ 08861",Employee was struck and killed by vehicle while making a delivery.,Fatality
2/21/13,"Best Logging, Rock Castle, WV 25245",Employee killed by a falling tree during tree felling operations.,Fatality
2/21/13,"Desert Cab, Inc., Las Vegas, NV 89109","Taxi driver was killed after being struck from behind by another vehicle, causing the car to catch fire.",Fatality
2/21/13,"Donald L. Shirey Lumber Company Inc, Rimersburg, PA 16248",Worker struck and killed by falling tree.,Fatality
2/21/13,"Guichard Operation Company LLC, Rayne, LA 70578",Employee died after falling from a building.,Fatality
2/20/13,"Cactus Wellhead, Bossier City, LA 71111",Employee killed by falling  equipment during unloading operations.,Fatality
2/20/13,"Slone Builders, Inc., White Lake, MI 48386",Worker was killed when nail from a nail gun struck him in the eye.,Fatality
2/20/13,"Tex-Lee Operating Company, Giddings, TX 78942",Oil rig worker killed when a counter-weight fell 65 feet on him during a rig shutdown.,Fatality
2/19/13,"Day Zimmer NPS, Perry, OH 44081",Employee died from head injuries after falling off scaffolding.,Fatality
2/19/13,"JJ's Restaurant, Kansas City, MO 64112",Employee killed in a natural gas explosion.,Fatality
2/18/13,"Cat Spec Ltd., Ardmore, OK 73402",Employee died while working in a confined space at a crude oil refinery.,Fatality
2/18/13,"Summit Roofing, LLC, Howell, MI 48855",Worker died after falling 25 feet from roof while installing insulation.,Fatality
2/17/13,"Hydro-Marine Construction Inc., South Amboy, NJ 08879",Employee crushed and killed by excavator bucket.,Fatality
2/16/13,"G&H Steel, New Orleans, LA 70119",Employee died after falling 18 feet from a roof support beam.,Fatality
2/15/13,"Central Environmental Services, Flemington, WV 26181",Employee died after an explosion occurred while he was checking levels on a 400 barrel brine water holding tank.,Fatality
2/15/13,"Coba Landscaping & Construction, Belleville, NJ 07109",Employee struck and killed by falling tree limb while trimming trees.,Fatality
2/15/13,"ERG Aerospace Corporation, Oakland, CA  94608",Worker was struck in head and killed by piece of metal while operating lathe. ,Fatality
2/14/13,"Wade C. Bowler, Aylett, VA 23009",Worker struck and killed by an excavator arm while trimming trees.,Fatality
2/13/13,"Life Time Brands, Garden City, NY 11530",Employee died after falling in a parking lot.,Fatality
2/13/13,"Professional Service Industries Inc., Belle Glade, FL 33430",Employee died after being thrown from and run over by bulldozer.,Fatality
2/13/13,"SCC Cabinets Inc., Wellington, FL 33414",Worker died after falling 30 feet while unloading tools from forklift.,Fatality
2/11/13,"Burns Paving Company Inc., Oklahoma City, OK 73105",Employee died after being struck by a vehicle moving in reverse on the worksite.,Fatality
2/11/13,"HSA Consulting Group Inc., Pensacola, FL 32503",Employee struck and killed by vehicle while conducting a traffic study.,Fatality
2/9/13,"Air Liquide USA, La Porte, TX 77572",Employee died in a facility explosion.,Fatality
2/9/13,"Ironrock Resources Inc. Pampa, TX 79065",Employee died when he fell while cutting away a conveyor that was attached to a building.,Fatality
2/8/13,"YJF Company dba New Star Design, Honolulu, HI 96813",Worker died from injuries sustained after falling off a two-stage scaffold.,Fatality
2/7/13,"Riverside Police Department, Riverside, CA 92522",A patrol officer was killed in the line of duty after being ambushed by gunfire.,Fatality
2/6/13,"Bodine Services of Decature Inc., Decature, IL 62526",Employee died after being crushed between dislodged material he was cleaning and an I-beam.,Fatality
2/6/13,"General Iron Industries Inc., Chicago, IL 60616",Welder died from injuries sustained when a steel wall fell on him.,Fatality
2/6/13,"Mac Corporation, Indianapolis, IN 46219",Worker was crushed to death when the trash compactor he was repairing was energized.,Fatality
2/6/13,"Mass Transportation Authority, Mt Morris, MI 48458",Worker died after being struck by the rear tires of a rolling bus.,Fatality
2/6/13,"Quality Drywall, Inc., Lewisville, NC  27023",Worker installing sheetrock was killed after falling from ladder.,Fatality
2/5/13,"BWP Hardwoods, Brookville, PA 15825",Employee died after being pinned between his machinery.,Fatality
2/5/13,"Sweyolakan Farms, Ithaca, NY 14850",Dairy farm worker crushed and killed by auger.,Fatality
2/5/13,"Thiems Construction Company Inc., Maryville, IL 62062",Employee was electrocuted when a downed electrical powerline came into contact with the concrete truck he was operating.,Fatality
2/4/13,"Midwest Construction Co Inc., Burlington, KS 66839",Employee died when the crane he was operating tipped over and crushed him.,Fatality
2/1/13,"Buffalo Sweeping Compound Inc., Buffalo, NY 14210",Employee died after being crushed by the payload arm of a powered industrial truck.,Fatality
2/1/13,"LT Disposal Inc., Leicester, NY 14481",Employee died after being caught between two trucks.,Fatality
2/1/13,"NYCPD - Bkyn North Narcotics, Brooklyn, NY 11207","Worker died from heart attack, determined to be work-related, during a narcotics operation.  ",Fatality
1/31/13,"Heller Casing Service Inc., Watford City, ND 58854",Employee died after being crushed by the equipment he was operating.,Fatality
1/31/13,"Southern Minnesota Beets Cooperative Renville, MN 56284",Worker was fatally struck by a pay loader while walking from one building to another.,Fatality
1/29/13,"Container Solutions Inc., Mantachie, MS 38855",Employee died after being crushed between a semi-trailer and a loading dock.,Fatality
1/29/13,"Farmers Cooperative Company, Talmage, NE 68448",Employee died after being struck by a grain truck.,Fatality
1/28/13,"TK Holdings Inc., San Antonio, TX 78251",Employee died after being crushed inside a die press.,Fatality
1/27/13,"Square K Lumber LLC., Smoot, WV 24977",Employee died after being crushed between the frame and the bed of a dump truck.,Fatality
1/26/13,"SCR Construction Inc., Richmond, TX 77469",Employee died when an empty chemical drum he was cutting exploded and struck his head.,Fatality
1/25/13,"Oscar Adelar, Mission Viejo, CA 92691",Worker died after being hit by several cars while handing out flyers.,Fatality
1/25/13,"Quality Services LLC, Memphis, TN 38106",Worker died after being struck by a tractor trailer truck while changing a tire.,Fatality
1/25/13,"Shores Construction Inc., Horseshoe Beach, FL 32648",Employee died after falling 135 feet from a water tower.,Fatality
1/24/13,"Abacus Building Innovations Inc., Astoria, NY 11103",Employee died after falling 15 feet onto a metal floor joist and concrete foundation.,Fatality
1/24/13,"Grosse Ile Township, Grosse Ile, MI 48138",Worker died after becoming trapped in a trench during excavation operations.,Fatality
1/24/13,"H.B. Gills Inc., Cutler, CA 93615",Worker died after being crushed between a tractor tire and the ground after falling from the vehicle.,Fatality
1/24/13,"Miracle Method of Portland LLC, Portland, OR 97220",Worker succumbed to injuries sustained from a chemical exposure while resurfacing a bathtub in a small bathroom with little air ventilation.,Fatality
1/24/13,"Moss Transportation Services, Belle Glade, FL 33430",Employee died after being crushed between a semi-truck and a loading dock.,Fatality
1/23/13,"C.J. Mabardy Inc., Cambridge, MA 02138",Employee died from injuries sustained from being crushed by the bulldozer he was working on.,Fatality
1/23/13,"John Miller Construction, Coldwater, MI 49036",Worker died after falling off a roof.,Fatality
1/22/13,"Eaton Corporation, Pittsburgh, PA 15213",Employee electrocuted while performing upgrades to a campus electrical distribution switchgear.,Fatality
1/22/13,"Resolute FP US Inc., Catawba, SC 29704",One worker died and two others were hospitalized after cleaning a seven-story high tank. After seeing a brown liquid and vapor flowing into tank two of the workers were able to climb out  but the third was trapped 14 feet down in the tank and died from chemical exposure.,Fatality
1/22/13,"Stanco Metal Products Inc., Williamston, SC 29697",Worker died after being caught in a stamping machine.,Fatality
1/21/13,"Bliss Envirnmental Services Inc., Utica, NY 13502",Employee died after being struck by a garbage truck.,Fatality
1/21/13,"Gao's Construction Corp., Port Jefferson, NY 11777",Employee died from injuries sustained after falling from a ladder and being struck by falling metal awning.,Fatality
1/21/13,"LPC & D Inc., Rio Grande, PR 00745",One worker was killed and two were hospitalized when a crane overturned and the basket fell 40 feet during maintenance operations on a highway bridge.,Fatality
1/21/13,"Owego Vill Fire Department, Newark Valley, NY  13811",Worker died after falling through floor and into basement during fire fighting operations. ,Fatality
1/20/13,"Rea Magnet Wire, Fort Wayne, IN 46803",Worker succumbed to injuries sustained after falling from a seven-foot platform.,Fatality
1/19/13,"Haliburton Inc., Watford City, ND 58854",Worker was killed after being struck by a steel valve under 4100 psi of pressure during fracking operations.,Fatality
1/18/13,"Quality Plus Gas Station, Sylva, NC 28779",Gas station worker died from brain damage sustained after being overcome by gas fumes.,Fatality
1/18/13,"Reynolda House Inc., Winston-Salem, NC 27106",Worker for an art museum died from sepsis after an object penetrated his foot.,Fatality
1/17/13,"County of Orangeburg Sawyerdale Collection, Orangeburg, SC 29112",Worker fell to his death after being hit by a compactor door.,Fatality
1/17/13,"Hatchett Roustabout Inc., Lamesa, TX 79331",Worker died from exposure to hydrogen sulfide after stepping into 5-foot-deep hole containing oil slush.,Fatality
1/17/13,"Newt Davis LLC, Sardis, MS 38666",Employee died from injuries sustained from severe burns after coming in contact with a wood burning heater.,Fatality
1/17/13,"Turner Bean & Grain Inc., Turner, MI 48765",Worker died while removing railroad timber when the tractor he was using rolled on top of him.,Fatality
1/16/13,"Gustafson Chipping Company Inc., Orlando, FL 32808",Employee died after tripping and falling onto a marble mold.,Fatality
1/16/13,"Reliance Steel & Aluminum Co., Atlanta, GA 30318",Employee died after falling from the back of a tractor trailer being unloaded.,Fatality
1/16/13,"Witt Plumbing Inc., Hastings, NE 68901",Worker died after being engulfed in a collapsing trench.,Fatality
1/15/13,"Flowers Baking Company, Bardstown, KY 40004",Worker died from injuries sustained after being pinned between a trove and an elevator bar.,Fatality
1/14/13,"Kaba Ilco Corporation, Forsyth, NC 27009","Worker crushed and killed when a cart carrying 2,000 pounds of zinc tipped over on top of him.",Fatality
1/14/13,"Omni Energy and Seismic Services LLC, Fairview, WV 26570",Worker died after being ejected from a track buggy that fell down a hill.,Fatality
1/12/13,"Jim Corridon Electric Inc., Vienna, Virginia 22182",Worker succumbed to injuries after falling off of a 12-foot step ladder while installing an un-energized electrical cable.,Fatality
1/11/13,"C & L Lockers, Connell, WA 99326",Worker operating an off-road vehicle died after being struck from behind by another vehicle.,Fatality
1/11/13,"C&L Lockers, Connell, WA 99326",Worker died while riding in an off-road vehicle when the vehicle was struck from behind by another car on the highway.,Fatality
1/11/13,"Compos Roofing, Oklahoma, OK 73134",Employee died after falling 19 feet while working on an apartment rooftop.,Fatality
1/11/13,"Luis Colorado, Newark, NJ 07105",Employee died after being crushed between a truck chassis and a container wall inside a parking garage.,Fatality
1/11/13,"Xceed Resources, El Paso, TX 79905",Employee was struck and killed by a hit-and-run driver while working along an interstate access road.,Fatality
1/10/13,"Ace Hardware, Vallejo, CA 94589",Worker died when a big rig struck another vehicle and fell off a ramp.,Fatality
1/10/13,"H. William Paving LLC, Fairfield, NJ 07004",Employee died after being caught between a truck's dump body and frame.,Fatality
1/10/13,"Mesa Wells Service LP, Jal, NM 88252",Worker died when brakes on the blocks failed and the tubing he was pulling from a well struck and knocked him from a platform.,Fatality
1/9/13,"Pessoa Construction Company, Perryville, MD",Two construction workers struck and killed by motor vehicles while setting up a road closure. ,Fatality
1/9/13,"RJ Taylor-Wyatt LLC, Bridgeland, UT 84012 ",Worker struck and killed by 40-foot pipe as it was being placed in a bending machine.,Fatality
1/8/13,"Johnston Trucking, Memphis, TN 38113",Worker succumbed to injuries sustained after being struck by a front-end loader while waiting for truck to be loaded.,Fatality
1/8/13,"Keeco LLC, Hayward, CA 94544",Worker's head was crushed between a loading dock and a trailer while backing into a dock.,Fatality
1/7/13,"Lopez Landscaping, Greenwich, CT 06830",Worker killed when struck by a fallen tree trunk.,Fatality
1/7/13,"Regal Entertainment Group, Burlington, NJ 08016",Employeed died from injuries sustained after falling from a 6 foot ladder.,Fatality
1/7/13,"Smith Pipe & Supply LP, Abilene, TX 79606",Employee died after being crushed between a 500-pound barrel-tank and a tractor trailer during loading.,Fatality
1/5/13,"Ben's Gardening Services, Torrance, CA 90501",Worker electrocuted while trimming pine tree branches at 25 feet when his pruning shears contacted an overhead electrical cable.,Fatality
1/5/13,"Terex Services North America, Blytheville, AR 72315",Employee died after falling 30 feet from an overhead crane while performing maintenance work.,Fatality
1/4/13,"American Cable & Rigging Supply Inc., Asheville, NC 28801",Worker died after falling eight feet when the core drilling machine he was using hit rebar.,Fatality
1/4/13,"Latshaw Drilling & Exploration LLC, Reydon OK 73660",Worker died after falling 30 feet while removing equipment during drilling operations.,Fatality
1/4/13,"Tom Lane Contractors, Hebron, KY 41048",Worker died after falling 20 feet while working on the steps of a second floor landing.,Fatality
1/4/13,"WS Consulting & Construction Inc., Mount Vernon, WA 98273",Worker died after falling 80 feet from a cellular tower.,Fatality
1/3/13,"Landrum Construction, Cincinnati, OH 45011",Employee died after falling 10 feet through the floor while performing residential framing operations.,Fatality
1/2/13,"Universal Cable Systems Inc., White Castle, LA 70788",Cable service worker died after falling from a ladder.,Fatality
12/31/12,"Strickland Tree Service, Phenix City, AL 36870",Employee was fatally crushed while performing maintenance on a dump truck.,Fatality
12/31/12,"W & O Construction Company Inc., Knoxville, TN 37919",Worker electrocuted after trailer's load line contacted overhead powerline.,Fatality
12/30/12,"Aspen Skiing Company, Snowmass Village, CO 81611",Employee patrolling ski slopes killed during an avalanche.,Fatality
12/30/12,"Wal-Mart Associates Inc., Hermiston, OR 97838",Worker died after vehicle crashed during icy road conditions.,Fatality
12/28/12,"Environmental Enterprises Inc., Cincinnati, OH 45232",Employee died when chemicals from an industrial filter he was shredding ignited and exploded.,Fatality
12/28/12,"James Construction Group, Geismar, LA 70734",Construction worker died after falling 12 feet from a ladder.,Fatality
12/28/12,"RL Construction & Restoration Inc., Elmont, NY 11003",Employee died from injuries sustained after falling from a residential roof.,Fatality
12/27/12,"Grayhawk LLC, Phelps, KY 41553",Worker fell 18 feet from scaffold hitting post with left leg.  Worker was hospitalized but succumbed to injuries and died. ,Fatality
12/27/12,"Pope Douglas Solid Waste, Alexandria, MN 56308",Worker was crushed by a compactor after pressure developed during repairs.,Fatality
12/27/12,"Western & Fourth Car Wash, Los Angeles, CA 90020",Worker died from injuries sustained after being struck by a vehicle operated by another worker while exiting the car wash tunnel.,Fatality
12/26/12,"Justino Rodriguez, Houston, TX 77031",Employee died after falling 20 feet from a scaffold while framing a hotel window.,Fatality
12/24/12,"Alpine Meadows, Tahoe City, CA 96145",Worker died following injuries sustained from being caught in an avalanche.,Fatality
12/24/12,"Ken Plante's Tree Removal, Haverhill, MA 01830",Worker died after a large tree limb fell and crushed him.,Fatality
12/24/12,"W Webster Fire Department, Webster, NY 14580",Two workers were killed and two others were critically injuried after being shot while responding to a reported car and house fire.,Fatality
12/23/12,"Jerry Dean Oxendine, Edith H. Oxendine, Jerry Dean Oxendine II dba 710 Dragstrip,                                                                    Rowland, NC 28383",Worker died from burns suffered during a grease fire and explosion at fast-food restaurant.,Fatality
12/22/12,"Bimco Construction Services, Atlanta, GA 30312",Worker died after falling 16 feet from a ladder while painting an apartment building.,Fatality
12/20/12,"Hudson Plumbing and Heating Inc., Yonkers, NY 10704",Employee died from head injuries after a concrete block fell from a ceiling being repaired.,Fatality
12/20/12,"Roorda Dairy LLC, Paullina, IA  51046",Worker died from 15-foot fall when wind gusts knocked him off a silage pile.,fatality
12/19/12,"Halliburton Energy Services Inc., Rock Springs, WY 82901",Worker was run over by a tractor trailer while attempting to unfreeze the brakes.,Fatality
12/19/12,"WDH Roofing Company, Philadelphia, PA 19104",Employee electrocuted when his aluminum ladder contacted a power line.,Fatality
12/19/12,"Witmer's Inc., North Lima, OH 44452",Employee died after falling 20 feet from a roof.,Fatality
12/18/12,"Hattaway Brothers Inc., Columbus AFB, MS 39701",Worker electrocuted while working on overhead power lines.,Fatality
12/18/12,"Mountain Vending Inc., Oak Hill, WV 25901",Employee died after being crushed by fork truck.,Fatality
12/16/12,"Precision Pipeline, Bethany, WV 26032",Worker killed when a section of pipeline crashed through the windshield of the excavator he was operating.,Fatality
12/15/12,"Groves Building and Design LLC, Palm Beach, FL 33480",Employee was struck and impaled by wood ejected from a table saw.,Fatality
12/15/12,"Kennedy Valve, A Division of McWane, Elmira, NY 14901",Employee crushed by machinery while making repairs to a hydraulic tabletop.,Fatality
12/15/12,"Sodecia Sterling Heights, MI 48314",Worker was crushed to death when the robot work cell he was working inside was struck from behind by a transfer robot.,Fatality
12/14/12,"American Forestry and Firewood LLC, Gloverville, NY 12078",Worker was killed after being struck by a tree during felling operations.,Fatality
12/14/12,"Canada Dry Bottling Co. of NY, NY, NY 10023",Driver fatally struck by passing motor vehicle while delivering beverages from a truck to a supermarket.,Fatality
12/14/12,"Premium Mulch & Materials, Coram, NY 11727",Employee died after being struck by a payloader.,Fatality
12/13/12,"Boeing Services Inc., Seattle, WA 98108",Worker was priming a plane for painting and fell approximately 15 feet from the nose of the plane to the cement floor.,Fatality
12/13/12,"K&S Logging LLC, Gladwin, MI 48624",Worker was fatally struck by a tree limb.,Fatality
12/13/12,"Waste Management, Cannon Falls, MN 55009",Worker was struck by and run over by a garbage truck.,Fatality
12/12/12,"S & T Tree Services, Windsor, PA 17366",Worker died when a tree fell onto his legs during tree cutting operations.,Fatality
12/12/12,"The Home Depot, Commack, NY 11725",Employee died after falling from a truck.,Fatality
12/12/12,"Veteran's Health Adminstration, Parma, OH 44130",Volunteer employee died from injuries after tripping and falling over a motorized scooter.,Fatality
12/12/12,"YRC Freight, Kansas City, MO 64129",Employee killed when crushed between a loading dock and a freight container.,Fatality
12/11/12,"East End Environmental Services Corp., Mastic Beach, NY 11951",Employee died when a storage tank he was cutting exploded.,Fatality
12/11/12,"Genie Industries Inc., Moses lake, WA 98837",Worker was crushed to death between a lift mast tube and a paint cart when the tube fell.,Fatality
12/11/12,"Hawkeye Paving Corporation, Davenport, IA 52807",Worker was shaping a hill with dozer when the vehicle tipped over and crushed him.,Fatality
12/10/12,"Napoleon Boneparte Ballard III, Middleburb, FL 32068",Tow truck operator was fatally crushed when a vehicle was shifted from park into neutral.,Fatality
12/10/12,"Nevin Stitzer Contracting Inc., Johnstown, PA 15901",Worker died after falling 14 feet while setting up retractable laynards.,Fatality
12/9/12,"Dan D. Drilling Co., Guthrie, OK 73044",Employee was killed when an industrial drill block fell on him.,Fatality
12/9/12,"Great Divide Forestry Thermopolis, WY 82443",Worker was struck and killed by a truck hauling logs.,Fatality
12/7/12,"Globe Energy Services, Midland, TX 79712",Three employees hospitalized after tubing burst while performing oilfield rigging activities.,Fatality
12/6/12,"Badger Pressure Control, Pecos, TX 79772",Three employees hospitalized after being injured while conducting drilling operations.,Fatality
12/6/12,"Steven Jesser Farms, Fresno, CA 93727",Worker was struck by a falling tree.,Fatality
12/6/12,"TForce Energy Services Inc., Rock Springs, WY 82901",Worker died after being ejected from bucket and striking metal object while positioning equipment on trailer.,Fatality
12/5/12,"Corrosion Controls Corporation, Audubon, PA 19403",Worker died from a fall after a suspended scaffold partially collapsed.,Fatality
12/5/12,"Kroger Co., Spring, TX 77379",Grocery store worker died from injuries after tripping and falling from loose flooring.,Fatality
12/5/12,"Lassetter Propane LLC, Dawsonville, GA 30534",Employee succumbed to injuries sustained from a fatal burn.,Fatality
12/4/12,"Endeavor Energy Resources LP, Stanton, TX 79782",Employee electrocuted while installing a power line from a bucket.,Fatality
12/4/12,"Primera Iglesia Bautista de Juncos Inc., Juncos, PR 00777",Worker died from second- and third-degree burn injuries sustained when his clothes caught fire while working in a kitchen.,Fatality
12/4/12,"Safway Services LLC, Wheatfield, IN 46395",Worker died after falling 20 feet to ground while climbing scaffold.,Fatality
12/4/12,"TSL Transportation Inc., Newton, IA 50208",Two workers were checking a container seal ID when they were struck by a semi-truck. Both workers were hospitalized and one died as a result of his injuries.,Fatality
12/3/12,"Al Cook Electric, MaComb, IL 61455",Employee died after falling off a ladder while installing electrical power lines.,Fatality
12/3/12,"BJ Barnes and Sons Inc., Green River, WY 82935",Worker died after falling off trailer while opening hatch.,Fatality
12/3/12,"Empresas Diaz Betterecycling Corp., Salinas, PR 00751",Worker struck and killed by loader.,Fatality
12/3/12,"Lincoln Well Services LLC, Skiatook, OK 74070",Worker was electrocuted while setting up a rig at an oil well site.,Fatality
12/3/12,"LPC Landscaping, Oak Park, MI 48237",Worker killed after being struck in jaw by 15-pound metal piece from trailer plate.,Fatality
12/3/12,"Valero Refining Company - Tennessee LLC, Memphis, TN 38109",Worker died after being struck by flying glass and liquid propane from ruptured pump.,Fatality
12/2/12,"Jack Cooper Transportation Company, Bethpage, NY 11714",Employee died after falling from the second level of a vehicle transport trailer.,Fatality
12/2/12,"Santa Fe Fire Protection District, Bartelso, IL 62218",Firefighter struck and killed by fire truck while trying to contain fire.,Fatality
11/30/12,"Berry Brothers Sawmill Inc., Cypress Inn, TN 38452",Worker died when a fan blade from a chipper struck him.,Fatality
11/30/12,"City of Chicago - Police Department - 3rd District, Chicago, IL 60637",Three police officers were hospitalized following a motor vehicle crash that occurred as they were responding to a robbery.,Catastrophe
11/30/12,"Mac Haik Used Car, Houston, TX 77024",Employee died after being shot by another employee.,Fatality
11/30/12,"Rangel's Workforce Inc., LaFollette, TN 37849",Worker died after falling 16 feet from a roof while installing plywood.,Fatality
11/30/12,"Specialized Trucking Inc., Pearl River, NY 10965",Employee died after being crushed by a heavy computer unit that tipped over while being transferred between two trucks.,Fatality
11/30/12,"TJ Lambercht, Delphi, IN 46923",Employee died after s trench caved in on him.,Fatality
11/30/12,"Unique Roofing Concepts Company, Redmond, WA 98053",Worker died after falling 35 feet from a roof.,Fatality
11/29/12,"Co-Am Enterprise LLC, Hope, AR 71857",Worker was crushed and killed by cattle while directing them through an alley way.,Fatality
11/29/12,"Michael Welch dba Welch Roofing, Cornelius, NC 28031",Worker died after slipping and falling from a roof while installing new shingles.,Fatality
11/29/12,"Phoenix Industrial Cleaning, Whelling, IL 60090",Employee died after falling from a ladder while attempting to exit a chemical storage tank.,Fatality
11/28/12,"Duval Glass & Mirror Inc., Jacksonville, FL 32211",Worker died after falling 25 feet while performing window maintenance.,Fatality
11/28/12,"GardenState Tree & Lawn LLC, Colts Neck, NJ 07722",Employee was crushed to death when a tree he was clearing fell onto him.,Fatality
11/28/12,"Highway Technologies Inc., Las Vegas, NV 89115",Worker died after a stack of metal guardrails he was loading on a truck fell on him.,Fatality
11/28/12,"Tipton County Highway Department, East Union, IN 46031",Worker died after his dump truck collided with a semi-truck in an intersection.,Fatality
11/27/12,"Diamond S Company, Saratoga Springs, UT 84043",Worker died after being caught in asphalt pulverizing machine.,Fatality
11/27/12,"Twin States Utilities Inc., Henderson, KY 42420",Worker died after being pinned between a trailer and a truck while working on the highway.,Fatality
11/26/12,"Illinois State Police - District 18, Litchfield, IL 62056",Police officer killed after being hit by a passing vehicle.,Fatality
11/24/12,"AKDOT&PF, Girdwood, AK 99587",Worker died after being struck by a vehicle while assisting another vehicle on the shoulder of a highway.,Fatality
11/24/12,"Somer Township - Highway Commission, Urbana, IL 61802",Worker died from exposure to carbon monoxide while repairing his equipment's engine.,Fatality
11/21/12,"Eastport Bible Church, Eastport, NY 11941",Worker died after falling 9 feet from a garage roof while installing asphalt shingle.,Fatality
11/21/12,"J.F.T. Enterprises Inc., Port Washington, NY 11050",Employee died after falling 16 feet from a ladder during chimney repairs.,Fatality
11/21/12,"Monster Tree Service, South Hampton, PA 18954",Employee died after being struck by a tree during tree removal operations.,Fatality
11/21/12,"Sonora Auto Sales, Fresno, CA 93721",Worker died after being crushed by a vehicle while performing maintanance.,Fatality
11/21/12,"Suncoast Environmental Services Inc., Englewood, FL 34208",Employee died from an infection sustained after he slipped and fell onto debris at work.,Fatality
11/20/12,"J.F. Wilkerson Contracting Company Inc., Raleigh, NC 27606",Worker died after becoming entrapped in a trench.,Fatality
11/20/12,"Landmark Roofing Inc., Miami, FL 32025",Worker died after falling from a residential roof while conducting roofing operations.,Fatality
11/20/12,"Porterville Unified School District Porterville, CA 93257",Sixteen workers were hospitalized following a refrigerant leak.,Catastrophe
11/19/12,"Beacon Exteriors Inc., Brownstown Twp, MI 48173",Worker was electrocuted after a metal ladder contacted power lines.,Fatality
11/19/12,"Precision Lawn Care and Landscaping Inc., Williamston, NC 27892",Worker was struck and killed by a tractor trailer while mowing grass along the highway.,Fatality
11/18/12,"Habitat for Humanity of Greater Pittsburgh, Pittsburgh, PA 15221",Employee died after falling 10 feet while cleaning on an elevated surface.,Fatality
11/17/12,"Closed Loop Systems, Riverside, NM 88210",Worker killed after being pinned between two loading bins.,Fatality
11/16/12,"Jose Ochoa-Rodriguez, Wheaton, MD 20904",Worker died after falling 50 feet from a tree.,Fatality
11/15/12,"James A Graf Trucking Inc., Winston, OR 97496",Worker killed when his truck went over an embankment.,Fatality
11/15/12,"Kett Engineering Corporation, California City, CA 93505",Worker died after a tree fell on him.,Fatality
11/15/12,"National Maintenance & Repair Inc., Hartford, IL 62048",Employee died after being struck by a tug boat propeller wheel when the support chain failed.,Fatality
11/15/12,"Super Link Plastics Inc., Oakland, CA 94603",Forklift driver killed when struck by another forklift.,Fatality
11/14/12,"Roscoe Stewart dba R. Stewart Tree Service, Durham, NC 27703",Worker died after falling 30 feet while cutting down a tree.,Fatality
11/14/12,"William A Severyns Insurance, Renton, WA 98057",Worker sitting at a desk died when struck by car that crashed through an office building wall.,Fatality
11/13/12,"Barnett Management, West Palm Beach, FL 33409",Employee died after falling into a canal and drowning.,Fatality
11/13/12,"Bisom Trucking, Des Moines, IA 50309",Worker died from injuries sustained after falling off a semi-trailer while unloading rebar.,Fatality
11/13/12,"Forever Green Tree Solutions LLC, Parma, MI 49269",Worker killed after being crushed between a truck's bed and frame while making repairs.,Fatality
11/13/12,"Thomas Market Inc., Malad City, ID 83252",Employee died from injuries after falling off a loading dock  striking his head and being run over by a vehicle.,Fatality
11/12/12,"Ismael Pacheco dba Ismael Pacheco, Ayden, NC 28513",Worker was run over and killed by a truck while working in a potato field.,Fatality
11/11/12,"NC Department of Transportation, Hatteras, NC 27943",Truck driver died when he was hit by another truck.,Fatality
11/11/12,"Washington Township Fire Department, Fort Wayne, IN 46808",Worker died after being ejected from tanker truck when it hit a utility pole.,Fatality
11/10/12,"Nelson Engineering Construction Inc., Sioux City, IA 51106",Worker performing hoisting and lifting operations at a construction site died when the hoisting strap failed causing the load to fall on him.,Fatality
11/10/12,"US Postal Service, Lockport, LA 70374",Worker was crushed and killed after another vehicle crashed into his postal vehicle.,Fatality
11/9/12,"J. Goode Environmental Services, Nacogdoches, TX 75964",Employee died after falling from a tree during tree cutting operations.,Fatality
11/9/12,"Municipio de Maunabo Obras Publicas, Maunabo, PR 00707",Worker died after being struck by car while performing road maintenance.,Fatality
11/9/12,"Sovay Iron Works Inc., Oswego, NY 13209",Employee died after falling 40 feet while installing metal decking.,Fatality
11/8/12,"T&T Trucking Inc., Trona, CA 93562",Worker killed after being crushed between two tractors.,Fatality
11/7/12,"Anniston Army Depot, Anniston, AL 36201",Employee died from injuries sustained from being struck in the abdomen by the steering wheel after his forklift hit a concrete-filled pole during operations.,Fatality
11/7/12,"Georgia Pacific, Muskogee, OK 74403",Worker was electrocuted while changing a light bulb in a high bay.,Fatality
11/7/12,"Pauletich Electric and Communications, Madera, CA 93636",Worker was struck by a vehicle while performing construction work.,Fatality
11/7/12,"Wick Buildings LLC, Mazomanie, WI 53560",Employee crushed by materials used to support building structures.,Fatality
11/6/12,"APAC-Southeast Inc., Naples, FL 34117",Employee died from hydrogen sulfide exposure.,Fatality
11/6/12,"Patriot Tree Service, Saint James, NY 11780",Employee died after being struck by a tree limb while trimming a tree.,Fatality
11/6/12,"RG Landscaping & Tree Service, East Brunswick, NJ 08816",Worker was struck and killed by a tree during tree trimming operations.,Fatality
11/5/12,"Acker and Guerrero Roofing Company, Oakland, CA 94601",Worker died after falling from a roof and landing on his head.,Fatality
11/5/12,"Askew and Workers Construction, Galveston, TX 77553",Worker died after being pinned between an excavation device and an outrigger.,Fatality
11/5/12,"Lawson Excavating Inc., Flemington, NJ 08822",Employee working on a roadway died after being struck by a truck.,Fatality
11/4/12,"Badger Grain Company Inc., Darien, WI 53114",Worker died after falling from an elevated rail platform.,Fatality
11/4/12,"Lee & Eastes Tank Lines Inc., Federal Way, WA 98001",Worker driving a tank truck was killed when the truck burst into flames after being struck by another vehicle.,Fatality
11/4/12,"Yukon Enterprise, New York, NY 10002",Employee died after falling through a roof skylight.,Fatality
11/2/12,"American Concrete Industries Inc., Auburn, ME 04210",Employee was fatally crushed by a concrete barrier that fell on him.,Fatality
11/2/12,"City of Chicago - Fire Department Engine Company 123, Chicago, IL 60621",Fire fighter died after a house's roof collapsed trapping him inside.,Fatality
11/2/12,"eCullet Inc., Camden, NJ 08104",Worker at glass recycling plant died after being caught in a conveyor.,Fatality
11/2/12,"Noriega Equipment,Portola, CA 96122",Worker operating an excavator to clean out the bottom of a lake drowned after the excavator tipped over into the lake.,Fatality
11/2/12,"Sajoma Fried Chicken, New Brunswick, NJ 08901",Employeed died from carbon monoxide exposure.,Fatality
11/1/12,"Roswell Commerical Roofing Inc., Salt Lake City, UT 84104",Worker died after falling 25 feet through skylight to concrete surface.,Fatality
11/1/12,"Western Oilfields Supply Company, Dickinson, ND 58601",Employee died after being crushed by work vehicle.,Fatality
10/31/12,"Bar G Feedyard, Summerfield, TX 79085",Worker repairing a tire from a front-end loader was killed when the tire's locking ring struck him.,Fatality
10/31/12,"Commercial Jet Inc., Miami, FL 33166",Three employees were hospitalized after falling from an aircraft while using a forklift to unload parts.,Catastrophe
10/31/12,"WD Olsen Tree Care, Annapolis, MD 21409",Worker helping to clear fallen trees after hurricane was killed when a tree fell on him.,Fatality
10/30/12,"Extrudex Aluminum Inc., North Jackson, OH 44451",Employee was killed after a rack of aluminum sheets fell on him.,Fatality
10/30/12,"Rainbow Valley Design & Construction Inc., Eugene, OR 97402",Employee performing drywall work died after falling off a ladder and striking his head.,Fatality
10/29/12,"Easton Volunteer Fire Company No. 1 Inc., Easton, CT 06612",Fire fighter died after being struck by a falling tree while responding to a house fire.,Fatality
10/29/12,"Empire Parking Corp., NY, NY 10013",Parking attendant drowned after being trapped in a flooded garage.,Fatality
10/27/12,"Extreme Elements LLC, Tallmadge, OH, 44278",Worker repairing construction equipment was killed after being crushed by a pneumatic lift machine.,Fatality
10/27/12,"P.K. Installs, Landover, MD 20785",Worker installing tyvec paper on single family home died after falling from 32-foot extension ladder.,Fatality
10/27/12,"Valley View Electric Inc., Buffalo Lake, MN 55314",Worker died after falling 60 feet while working on auger motor on outside of grain elevator.,Fatality
10/27/12,"Williams Brothers Construction Co. Inc., Conroe, TX 77303",Worker setting up a temporary traffic control zone died after being struck by vehicle.,Fatality
10/26/12,"Southeast Culvert Inc., Cleveland, AL 35049",Employee died from injuries sustained after being struck by falling industrial pipes that were being unloaded.,Fatality
10/26/12,"Three Corners LLC, Fort Smith, AR 72903",Employee died after being electrocuted when aluminum ladder contacted power line.,Fatality
10/25/12,"Fairway Construction LLC, Hillsboro, OR 97123",Worker installing new siding on house died when he fell approximately 15 feet from ladder.,Fatality
10/25/12,"Marriot TownPlace Suites, Lafayette, IN 47905",Worker at a hotel died after falling three stories from attic rafters to the ground.,Fatality
10/25/12,"Tower Maintenance Corp., Edison, NJ 08818",Employee died after falling from an electrical tower.,Fatality
10/24/12,"STS Terminal Ports of America Berth 37, Oakland, CA 94601",Worker repairing a crane trolley was crushed between the trolley's bumper and a guardrail.,Fatality
10/24/12,"Toys R Us, Dublin, OH 43017",Retail worker died from fall from an 8-foot ladder.,Fatality
10/23/12,"Center Fire Feed Yard, Ulysses, KS 67880",Worker died after falling 20 feet through roof skylight.,Fatality
10/23/12,"Nassau County Police Department Highway Patrol Bureau, Bellmore, NY 11710",Police officer died after being shot in the chest while pursuing a hit and run suspect.,Fatality
10/23/12,"Ports America Tampa LLC., Tampa, FL 33605",Employee died after being struck by large pipe bundle when the lifting strap broke.,Fatality
10/22/12,"American Rice Growers, Raywood, TX 77582",Worker died after falling 60 feet through a grain elevator opening.,Fatality
10/22/12,"Cell-crete Co, Running Springs, CA 92382",Worker lost control of flat-bed semi-truck and died after jumping or being ejected from out-of-control truck.,Fatality
10/22/12,"General Motors LLC, Bedford, IN 47421",Worker performing maintanence under a scissor lift died after the lift descended causing worker to be caught between base and lift.,Fatality
10/22/12,"K&R Roustabout Services Inc., Killdeer, ND 58640",Employee died from burns suffered while repairing tank batteries at an oil well site.,Fatality
10/22/12,"Mobley Contractors Inc., Star City, AR 71667",Employee killed after being crushed by a fallen crane boom.,Fatality
10/22/12,"New Mexico School for the Deaf, Santa Fe, NM 87505",Worker died after falling from an extension ladder while working on a roof.,Fatality
10/22/12,"Republic Services, Mayfield, KY 42066",Worker was run over and killed when he slipped off a garbage truck's side running board.,Fatality
10/22/12,"SM Hentges & Sons, Minneapolis, MN 55401",Worker dredging a pond was killed when a backhoe tipped over on him.,Fatality
10/21/12,"International Extrusions, Waxahachie, TX 75165",Worker died after being electrocuted while wiring overhead lighting.,Fatality
10/19/12,"Ivan Martinez, Keller, TX 76248",Worker died after being struck by the arm lift of a skid loader.,Fatality
10/19/12,"Randolph County Schools, Archdale Trinity Middle School, Trinity, NC  27370","Worker died from complications after falling on face, chest and abdomen while working with students.",Fatality
10/18/12,"JDK Construction, Live Oak, CA 95953",Employee died after falling 14 feet from second-story balcony while working inside a new residential construction.,Fatality
10/18/12,"Nassau County Police Department, Highway Patrol Bureau, Bellmore, NY 11710",Police officer was struck and killed by a vehicle while investigating a two-car collision.,Fatality
10/18/12,"Seaboard Foods LLC, Guymon, OK 73942",Worker died after falling onto a drive shaft at a food processing plant.,Fatality
10/18/12,"Total Fire Protection Inc., Benton Harbor, MI 49022",Worker was crushed between the side of an excavation and a 20000-gallon water tank.,Fatality
10/18/12,"United States Postal Service, Newport, DE 19804",Worker died from injuries after being attacked by a dog.,Fatality
10/16/12,"Lakeside Transport LLC, Wolcottville, IN 46795",Worker performing maintenance on semi-truck was crushed after truck fell on him.,Fatality
10/16/12,"Sam's Club, Philadelphia, PA 19154",Worker died after falling through a suspended ceiling while repairing a security system.,Fatality
10/16/12,"Select Staffing, Yadkinville, NC 27055",Worker killed at food processing plant after he was caught in a conveyor belt.,Fatality
10/15/12,"Dow Machine Corporation, Houston, TX 77041",Worker repairing a forklift was crushed by machine's forks.,Fatality
10/15/12,"Larry Mitchell dba Tri-County Roofing and Repair Services, Salemburg, NC 28385",Worker replacing sheet metal on barn roof died after falling nearly 20 feet to ground.,Fatality
10/15/12,"WA State Department of Natural Resources, Springdale, WA 99173",Worker died after being electocuted while removing a tree from a 115-kV power line.,Fatality
10/13/12,"AIRSERV Corp., Flushing, NY 11371",Worker struck and killed by a water service truck.,Fatality
10/12/12,"McPhail Construction Company, Jackson, MS 39202",Employee died after falling from a 5th floor roof when his safety lanyard broke.,Fatality
10/12/12,"Plasterer Equipment Company, Bethlehem, PA 18015",Employee crushed by a backhoe.,Fatality
10/12/12,"Steve's Towing Inc., Perris, CA 92570",Worker was crushed when a car he was connecting to a tow truck rolled over him.,Fatality
10/12/12,"Zelaya Construction Corp., Miami, FL 33178",Employee died from injuries sustained from a fall while working on a balcony roof.,Fatality
10/11/12,"Max Montgomery dba Montgomery Saw Mill, Franklinville, NC 27316",Worker was struck and killed by a 30-foot tree being cut down.,Fatality
10/11/12,"Pyramid Residential Construction Inc., Watford City, ND 58854",Employee installing siding during residential construction died after falling from scaffolding.,Fatality
10/11/12,"SPX Corporation, Houston, TX 77065",Worker died after being caught in a lathe.,Fatality
10/10/12,"Baker Concrete Construction - Northern Operation Division, Charlston,TN 37310",Two workers died after falling 140 feet from a collapsed work platform while helping to construct a chemical plant.,Fatality
10/10/12,"E&E Concrete Pumping Services, Doral, FL 33178",Employee died after being crushed in a parking garage collapse.,Fatality
10/10/12,"Elmo Greer & Sons LLC, Manchester, KY 40962",Worker for a paving contractor was struck and killed by a truck.,Fatality
10/10/12,"Solar Erectors US Inc., Doral, FL 33178",2 Employees died after being crushed in a parking garage collapse.,Fatality
10/10/12,"Stryker Electrical Contracting Inc., Doral, FL 33178 (US Army - Aberdeen Test Center)",Employee died while conducting dive operations at 130 feet.,Fatality
10/9/12,"Gorilla Mikes LLC,Cincinati,OH 45243",Employee died from being struck on head by large tree limb.,Fatality
10/9/12,"Robert Pitman Jr. DBA Envirosweep, Greenwood, IN 46143",Worker involved in a motor vehicle accident died when his work vehicle flipped and ejected the driver,Fatality
10/9/12,"Tourism Arts & Heritage Cabinet Dept. of Parks,Waddy,KY 40076",Worker killed in a car crash while traveling from one worksite to another.,Fatality
10/8/12,"Mid-Atlantic Realty Co. Inc., Greenville, DE 19807",Employee electrocuted while working in a bucket truck.,Fatality
10/8/12,"Vanmeter Contracting Inc., Glasgow, KY 42141",Worker died in a fall after a 12-foot wall he was installing on a highway collapsed.,Fatality
10/7/12,"Odyssey-Geronimo JV, Longview, WA 98568",Worker died when he fell into a river while performing bridge repairs.,Fatality
10/4/12,"Central Site Development, Davenport, FL 33836",Worker died after being struck by a bulldozer.,Fatality
10/4/12,"Custom Machine Works LLC, Tigard, OR 97224",Worker operating a lathe died from neck injuries when his arm got caught in machine pulling him in.,Fatality
10/4/12,"Lonestar Geophysical Surveys, Oakley, KS 67748",Worker crushed by a seismic vibrator when it overturned during operation on a slope.,Fatality
10/4/12,"Ulland Brothers, Highway 23, Wright, MN 55798",Worker electrocuted after crane contacted overhead power lines.,Fatality
10/3/12,"All State Roofing, Columbus, GA 31907",Employee died after falling through roof.,Fatality
10/3/12,"Brahma Group Inc., Bakersfield, CA 93308",Worker cleaning the inside of a water tank killed when floor beneath him collapsed.,Fatality
10/3/12,"Consolidated Waste Services Corp, Salinas, PR 00751",Worker electrocuted by a 2 400-volt power line while trying to remove a stuck cable.,Fatality
10/3/12,"Fort Russell Township - Highway Department, Moro, IL 62067",Worker was crushed when a dump truck struck and ran over him.,Fatality
10/3/12,"Golden Gait Trailers LLC, Concord, NC 28027",Worker making repairs underneath a trailer died after the vehicle fell on him pinning him to the ground.,Fatality
10/3/12,"M. K. Construction Group Inc., Apollo Beach, FL 33572",Employee died from injuries after falling from scaffolding.,Fatality
10/3/12,"Pacific Northwest Aggregates Inc., Wishram, WA 98637",Worker was electrocuted while operating construction machine used to create flat surfaces.,Fatality
10/3/12,"Snow Road Farms, Bridgewater, ME 04735",Employee working in a potato house was struck and killed by a potato truck.,Fatality
10/3/12,"Snow Road Farms, Bridgewater, ME 04735",Employee working in a potato house was struck and killed by a truck.,Fatality
10/3/12,"U.S. National Whitewater Center Inc., Charlotte, NC 28214",Worker for a water recreation center was found floating on the surface of a river. Worker died two days later.,Fatality
10/2/12,"Alaska Airlines,Golden Scott Freeway I-5,Scott Exit Road, Burbank, CA 91502",Pilot found dead along freeway of apparent homicide.,Fatality
10/2/12,"Allied Genetics LLC, Geneva, NE 68361",Worker conducting measurements in a cornfield was run over and killed by farm equipment.,Fatality
10/2/12,"ITR Concession Company, LLC Michigan City, IN 46360",Worker was performing maintanence on grass median and was reaching in work truck when truck was struck by another vehicle. Worker died on site.,Fatality
10/2/12,"NC/DOT Division of Highways, Boone, NC 28607",Highway maintenance worker was struck by a vehicle.,Fatality
10/2/12,"Orange County Rural Electric Membership Corp. Orleans, IN 47452",Worker loading a utility pole onto a truck was killed when the pole fell on the worker.,Fatality
10/2/12,"P&P Farms Arbuckle, CA 95912 ",Worker operating farm equipment was fatally injured after being struck by a truck,Fatality
10/2/12,"Universal Oilfield Services Inc., Lovelady, TX 75851",Three employees suffered third degree burns during a tank battery fire.,Fatality
10/2/12,"Universal Oilfield Services Inc., Lovelady, TX 75851",Three employees suffered third degree burns during a tank battery fire.,Fatality
10/2/12,"Waurika Livestock Commission Company, Waurika, OK 73573",Employee died after being struck by cattle gate.,Fatality
10/1/12,"American Rain Gutter Sacramento, CA 95811",Worker died after falling approximately 22 feet from scaffold.,Fatality
10/1/12,"Anderson Columbia Co. Inc., Lake City, FL 32055",Employee checking his truck's fuel level died when the fumes contacted an ignition source causing an explosion.,Fatality
10/1/12,"Checkered Towing Long Beach, CA 92708",Worker underneath a motorhome trying to replace its starter was crushed when the motorhome was struck by another vehicle.,Fatality
10/1/12,"International Paper Company, Pewaukee, WI 53072",Employee crushed by falling paper products.,Fatality
9/28/12,"DiPonio Contracting, LLC, Shelby Twp, MI 48092",Worker moving a 36-foot-long pipe across roadway was killed when a bus hit the pipe throwing worker into a crane.,Fatality
9/28/12,"Trimming Land Company,Inc. Riverside, CA 90280",Worker trimming trees was struck and killed by tree limb.,Fatality
9/27/12,"Davey Tree, Livermore, CA 9455",1 Worker cutting down trees was struck and killed by a tree branch.,Fatality
9/27/12,"Longevity International Enterprises Corporation, Honolulu, HI 96817",Maintenance worker died after falling off a two-stage-high mobile scaffold,Fatality
9/27/12,"Maria Jesus Flores, Riverside, CA 93656",Worker run over and killed by a tractor trailer.,Fatality
9/25/12,"NV Energy, Las Vegas, NV 89040",Worker died after falling 75 feet from a steel tower to the ground.,Fatality
9/24/12,"Beaver Valley Backyard Garden Products Inc., Morton, WA 98567",Worker making deliveries died when the brakes failed on the delivery truck causing vehicle to crash.,Fatality
9/24/12,"Custom Crushing & Recycling, Battle Lake, MN 56515",Worker using a cutting torch to help dismantle a farm combine suffered fatal burns when a fuel tank exploded. Two other workers suffered second and third degree burns.,Fatality
9/21/12,"Silver Bullet Production,Acton,CA 93510",Worker drowned while cleaning a large water tank.,Fatality
8/23/12,"Myers Container Service Corporation, Barre, VT 05641",Worker died from injuries after falling off truck. ,Fatality
8/16/12,"Cheston Madsen dba Madsen Plumbing, Ephraim, UT 84632",Worker crushed and killed by tractor backhoe bucket while removing top from sanitation tank.,Fatality
8/16/12,"Rhodes Pump Sales & Service Company, New Harmony, UT 84757",Worker electrocuted after truck boom contacted power lines during water pump maintenance.,Fatality
8/3/12,"Bergen County Parks Dept., Mahwah, NJ 07430",Worker closing a steel gate was fatally struck in the chest by the gate arm.,Fatality
8/1/12,"Roc Equipment, Henderson, NV 89015",Worker died from injuries sustained from the release of extreme pressure while performing maintenance on a hydraulic cylinder for a drill rig.,Fatality
7/28/12,"Joe Stilley & Son LLC, Trenton, NC 28585",Worker died after collapsing on the ground with seizures while working in a tobacco field with a heat index of 108 degrees.,Fatality
7/12/12,"Adonis Bronze, Alpine, UT 84004",Worker was struck and killed by the door on a pressure vessel.,Fatality
4/1/12,"ReMax Intergrity Group, Gary, IN 46408",Real estate worker showing a house suffered fatal burns when she turned on a light switch which ignited a pocket of natural gas causing an explosion.,Fatality
3/23/12,"Cambelt International, Salt Lake City, UT 84104",Worker killed when crushed between a bolster and ram while performing maintenance on a press machine.,Fatality
3/4/12,"Lucky Food Mart, Merrillville, IN 46410",Convenience store worker was killed after being shot by two robbers.,Fatality
1/2/12,"Hurling Erection and Construction Inc., Jacksboro, TN 37577",Worker died after falling from scaffold while trying to access roof.,Fatality
5/22/95,"SNW Construction Inc., Lynnwood, WA 98046",Worker permanently disabled from the shoulders down after falling 20 feet out of a wall opening. The worker later died from complications related to the injury.,Fatality