ID,09/20/09,"OZ Technology, Inc., Rathdrum, ID 83858","Decedent was working inside a mobile home, mixing propane and butane to make a substitute refrigerant. A fire occurred. The cause of death was determined to be carbon monoxide asphyxiation.",Unknown,47.8124031,-116.8965857
ID,09/21/09,"Dennis Powell Loggin, St. Maries, ID 83861","Decedent was driving a log truck uphill to pick up a load of logs. The truck left the road and went 200 feet down a hill. Decedent was thrown for the truck.",Unknown,47.3143541,-116.5626675
GA,09/23/09,"Hines Construction Company, Sparta, GA 31087","Employees were installing roof trusses 20 feet from ground level, when 50 trusses fell in a domino effect crushing the employees. One employee fatality and to employees were hospitalized.",Unknown,33.2757006,-82.9762589
TX,09/24/09,"U E Power Train dba Bucks Engines, Amarillo, TX 79109","Decedent was observed standing behind the parts counter, conscious but bleeding from the head.",Unknown,35.1633874,-101.900579
NJ,09/25/09,"Innovative Masonry, LLC, Hoboken, NJ 07030","Decedent fell 4-ft, 8-inches off a platform, striking his head.",Unknown,40.744052,-74.0270745
FL,09/25/09,"St. Peter Catholic Church, Deland, FL 32720","Decedent was cleaning the grout on the walls with a pressure washer, containing water, and was overexposed to carbon monoxide.",Unknown,29.0284071,-81.3097567
AR,09/25/09,"Tyson Foods - River Valley Animal Foods, Scranton, AR 72863","Decedent was dumping a load of offal from a tractor trailer. He was in the process of dumping offal into a bin when the tailgate malfunctioned. Decedent was freeing the tailgate, it released, and the load swept the decedent into the offal bin. Decedent drowned in the bin.",Unknown,35.3611968,-93.535743
TX,09/26/09,"Artistic Painting Company, Grand Praire, TX 75050","Decedent was using a scaffold above 10 to 15 feet while painting. Instead of extending the scaffold, he used a step ladder on the scaffold, and feel off the scaffold.",Unknown,32.7811446,-97.0175879
KY,09/26/09,"UPS, Louisville, KY 40202","The decedent returned from his break to his work area and was sitting when he fell over. He was transported to a local hospital where he was pronounced dead. It was determined the decedent died from natural causes.",Unknown,38.244984,-85.739628
NV,09/27/09,"Colorado Bell Hotel & Casino, Laughlin, NV 89028","The decedent was not feeling well and left work early. While he was sitting waiting for the bus he collapsed and was non-responsive from an apparent heart attack. He was transported to the hospital where he was pronounced dead.",Unknown,35.17,-114.57
IA,09/28/09,"B & C Auto Inc., Davenport, IA 52806","The decedent was removing a part from an elevated truck. The truck fell crushing the decedent.",Unknown,41.5795478,-90.6204165
IN,09/28/09,"Brinks, Inc., Evansville, IN 47711","Decedent was assisting in unloading material when he fell from the back of the truck, striking his head.",Unknown,37.9715592,-87.5710898
TX,09/28/09,"Jacoby Feed & Seed, Melvin, TX 76858","Employees were installing a tilt-wall into a trench. Decedent was inside the trench when the earth collapsed.",Unknown,31.1951678,-99.5797854
UT,09/28/09,"Nelson Brothers Construction Co., Eagle Mountain, UT 84005","Decedent was operating a roller compactor on a grade. The compactor tipped over and fell on the decedent resulting in the decedent's death.",Unknown,40.3141169,-112.006882
LA,09/28/09,"Zachary Construction Corp., Mansfield, LA 71052","Decedent was walking across a tank and fell through a hatch into a tank of boiling water. He either drowned or died of thermal burns.",Unknown,32.0376629,-93.7001819
NV,09/29/09,"Macy's West, Las Vegas, NV 89107","Decedent collapsed in the Macy's West store. CPR was performed. The decedent passed away at the hospital.",Unknown,36.1688235,-115.2185573
IN,09/30/09,"Hoffman Sawmill, Jasper, IN 46546","Decedent was unloading logs from truck in sawmill yard. While releasing straps one of the logs rolled onto the employee.",Unknown,41.6599999,-86.16
NJ,09/30/09,"Randy's Pro Landscaping Service, LLC, Milburn, NJ 07041","Decedent was trimming a tree and fell 60 feet to the ground.",Unknown,40.727549,-74.2971543
PA,09/30/09,"Weight Farm, Bellfonte, PA 16823","Decedent was inside a silo loading the feeder from a ladder. He became wedged within the ladder cage in a fetal position and suffocated.",Unknown,40.9240628,-77.7223162
NV,09/19/09,"Escalera Maintenance Corporation, Las Vegas, NV 89123","The worker was assigned to perform irrigation maintenance work in an apartment complex. The worker was asked by a couple moving for help moving furniture. While moving a piece of furniture, the worker got on the truck, fell to the ground and hit his head. The worker was taken to the hospital where he died 14 days later.",Unknown,36.0357492,-115.1533426
SC,09/25/09,"C & S Wholesale, Mauldin, SC 29607","The worker was operating a pallet jack, when entering an intersection drove into the stairwell.",Unknown,34.77873,-82.310119
NV,09/30/09,"Mattress Discounters, Las Vegas, NV 89128","The worker was found behind the sales counter unconscious and unresponsive. The worker was pronounced dead at the scene by the coroner's office at 4:30pm.",Unknown,36.1988542,-115.2659777
PR,10/01/09,"International Shipping Agency, Inc., San Juan, PR 00902","Worker was run over by an intermodal container.",Unknown,18.4662189,-66.1057405
PA,10/01/09,"Odyssey Painting, McKees Rocks Bridge, Pier 16, McKees Rocks, PA 15136","Worker was sandblasting under a bridge and fell 124-feet from a two-point suspension scaffold.",Unknown,40.4656244,-80.0656106
LA,10/01/09,"Price Gregory Construction, W. Monroe, LA 71292","Worker was inside the engine compartment of a backhoe changing the filters and was struck by the counter weight of another backhoe.",Unknown,32.5184775,-92.1476353
TX,10/01/09,"Y O Ranch Partnership, Mountain Home, TX 78058","Worker was loading a wild barrsinghuas into a holding pen. The animal gored the decedent in the leg and back.",Unknown,30.1697978,-99.3724637
IL,10/02/09,"Doherty Construction, Deerfield, IL 60015","Worker was putting in metal studs and was found on the scissor lift.",Unknown,42.1711365,-87.8445119
FL,10/02/09,"Target, Lady Lake, FL 32159","Worker was found unresponsive in the employee restroom.",Unknown,28.9174855,-81.9228604
NM,10/03/09,"Albuguerque Treatment Center, Albuquerque, NM 87121","The worker was in route to the Bernalillo County Detention Center to dispense medication to inmates and was struck by another car on the I-40 Frontage Road.",Unknown,35.0878832,-106.6173542
MS,10/03/09,"T. A. Operating LLC dba Petro Lube Center, Jackson, MS 39201","Worker was assigned to check out a semi-trailer's front right air bag. While positioned between the two trailer axles, he was struck on the head by the left front air bag's base cup.",Unknown,32.2907734,-90.1846217
WV,10/04/09,"Frontier Drilling, Salem, WV 26426","Worker was performing work on a gas drilling rig and was struck in the chest by a drill pipe.",Unknown,39.2828653,-80.5589856
TX,10/05/09,"Holts Mechanical, San Antonio, TX 78219","Worker was carrying tools to the other side of a metal corrugated roof and fell 25-feet through one of the skylights.",Unknown,29.4489141,-98.3910127
LA,10/05/09,"Marine Fabrication and Repair, Houma, LA 70360","Worker was performing welding duties aboard a marine vessel. An electrode from his welding equipment contacted the sweat on his neck, causing an electric shock.",Unknown,29.5957696,-90.7195348
FL,10/05/09,"McPherson Electric, Tallahassee, FL 32305","Worker was electrocuted.",Unknown,30.4382559,-84.2807329
AZ,10/06/09,"Ace Flooring, Inc., Mesa, AZ 85205","The worker was crushed under a 12-foot long, 3-inch diameter carpet roll.",Unknown,33.4335164,-111.7256936
FL,10/06/09,"Daughtry Tree Service, Archer, FL 32501","Worker was trimming trees and was electrocuted, after the aerial lift contacted an overhead powerline, causing the bucket truck to become energized.",Unknown,30.423724,-87.2269973
KS,10/06/09,"Kroy Industries, Inc., Ulysses, KS 67880","Worker was operating a line 2 extrusion machine and was struck by a plug at the end of the line.",Unknown,37.5814095,-101.3551696
MO,10/07/09,"Buckhorn, Inc., Springfield, MO 65803","Worker was cleaning the hardened plastic from the mold. He was standing in between the mold plates when the machine started and was crushed between the mold plates.",Unknown,37.2089572,-93.2922989
OH,10/07/09,"Fox and Hound English Pub and Grille, Parma, OH 44129","Worker was cleaning a pizza oven and was found later, unresponsive in the break room.",Unknown,41.3886412,-81.7294702
SC,10/07/09,"Golden Strip Transfer, Inc., North Charleston, SC 29408","Worker was locking down a shipping container to the bed of his truck and was struck by the rubber tire crane.",Unknown,--,--
NV,10/07/09,"Las Vegas Metropolitan Police Department, Las Vegas, NV 89101","The worker was traveling in a patrol vehicle when the patrol vehicle left the road, struck a stationary object and rolled over. The worker was taken to the hospital where he later died.",Unknown,36.1750143,-115.1347298
NC,10/07/09,"Pages Creek Marine Services, Inc., Wilmington, NC 28411","The worker used a set of 2-ton underslung hoists to raise a boat on a trailer. The boat fell, crushing the worker between the boat and the left rear of the trailer.",Unknown,34.3134705,-77.7680952
NE,10/07/09,"Werner Construction, Inc., Norfolk, NE 68701","Worker was washing flights on an auger of a concrete machine and was pulled into the flights of the auger.",Unknown,42.0327234,-97.4137553
TX,10/08/09,"Wayne's Plumbing, Taylor, TX 76574","Worker was under a home doing plumbing work in a tunnel, dug under the concrete foundation using an electrical shovel type drill, and was electrocuted.",Unknown,30.5707551,-97.4094438
CO,10/09/09,"Duckels Construciton Inc., Steamboat Springs, CO 80487","Worker was struck by a pipe cap in the back.",Unknown,40.4849769,-106.8317158
TX,10/09/09,"Radley Electric, Sour Lake, TX 77659","Employees were splicing a de-energized downed oil field line. The oil field line got into a 7300-volt line, electrocuting one worker.",Unknown,30.1402122,-94.4110239
NV,09/14/09,"Rio Hotel and Casino, Las Vegas, NV 89103","The worker complained of a headache and was transported to the hospital. The worker passed away from natural causes on September 24, 2009.",Unknown,36.1175097,-115.1878043
NM,09/16/09,"Rocky Mountain Roofing Company, Albuquerque, NM 87114","The worker was installing metal coping at the roof edge when he lost his balance and fell tot he ground. The worker was hospitalized and died on October 9, 2009.",Unknown,35.1958704,-106.6939803
TX,10/12/09,"Cliff's Auto Service Center, Springtown, TX 76082","Worker was changing a fluorescent overhead light and was electrocuted.",Unknown,32.9659566,-97.6836384
PR,10/12/09,"Hill Construction Corp., San Juan, PR 00908","Worker fell 70-feet into a gap that was on the formwork while removing the excess plaster.",Unknown,18.45,-66.08
PA,10/12/09,"Masonry Preservation Group, Inc., Philadelphia, PA 19103","Worker was in the cage of an aerial lift with the boom extended 95-feet when the lift tipped over, falling to the ground.",Unknown,39.9531865,-75.1749671
FL,10/13/09,"Lambert Roofing, Paisley, FL 32767","Worker was carrying tiles on residential roof. He backed up into an overhead power line and was electrocuted.",Unknown,28.9835966,-81.5417375
LA,10/14/09,"Diamond Jacks Casino & Resort, Bossier City, LA 71111","Worker was investigating a water leak in a public stairwell between the 1st and 2nd decks. He opened a secured door leading to the exterior of the boat and fell through.",Unknown,32.5159852,-93.7321228
IL,10/14/09,"Material Sciences Corporation, Elk Grove Village, IL 60007","Worker was wrapping an 18,000-lb steel coil while the coil was on an exit coil cart. The steel coil came off from the cart and fall on the worker.",Unknown,42.0039178,-87.9703461
MD,10/14/09,"Morgan Keller, Inc., Union Bridge, MD 21791","Worker was crushed between a truck and a building.",Unknown,39.5689895,-77.176927
IL,10/15/09,"Terra Engineering, Ltd., Peoria, IL 61604","Worker was in the process of installing traffic counts and was hit by a motor vehicle.",Unknown,40.7001416,-89.6581073
MA,10/16/09,"Borggard Construction Corporation, Northboro, MA 01532","Worker was working on a skid steer machine and was pinned between the arms of the machine and the machine frame.",Unknown,42.3289343,-71.6554692
IL,10/16/09,"Fellow Roofing, Ltd., Broadview, IL 60155","Worker was performing roofing work on a low slope roof and fell through an unprotected skylight.",Unknown,41.8639201,-87.8533931
PA,10/13/10,"BAE Systems, York, PA 17408","Worker was operating an aerial lift and got caught between the lift and an overhead door's overhang.",Unknown,39.9100964,-76.8144298
CA,10/16/10,"(Company name not determined) Long Beach, CA 90603","Fisherman was electrocuted on a boat at sea as he was changing a capacitor in a breaker box.  (U.S. Coast Guard is investigating.)",Unknown,33.9443011,-117.9931472
KY,10/19/10,"Bush & Burchett, Inc., Catlettsburg, KY 41129","Worker was measuring a grade for the bridge brackets, outside the life-line system, on the I-64 bridge when he fell approximately 30 feet to the ground below.  He was wearing a fall protection harness, but was not tied off.",Unknown,38.4048042,-82.6004369
PA,10/20/10,"Federouch Landscape Supply, Carnegie, PA 15106","Worker without fall protection was replacing sections of a roof.  He fell through a 40-inch opening in the roof and down 31 feet to the ground.",Unknown,40.4086802,-80.0833885
AR,10/20/10,"Roy Case Construction, Mountain Pine, AR 71956","Worker was operating crane when crane tipped.  Worker fell and was crushed between crane cab and a wall.",Unknown,34.5720347,-93.1732401
AL,10/21/10,"Qualico Steel Company, Inc. , Webb, AL 36376","While changing and wiring two heaters, worker turned on electricity to check wiring.  He forgot to turn off the electricity and was electrocuted by 480 volts upon contact.",Unknown,31.2604534,-85.2732658
TN,10/21/10,"Wright Brothers Construction Company,Inc., Charleston, TN 37304","Worker lost control of an articulating dump truck at a landfill.  The truck flipped over, pinning the operator under the motor compartment.",Unknown,35.38,-85.11
WV,10/22/10,"Alliance Electric LLC, Harpers Ferry, WV 25425","Worker was holding end of the hose while pouring concrete from pump truck.  Truck's boom contacted overhead line, electrocuting worker.",Unknown,39.3253786,-77.7388818
AR,10/22/10,"Grayco Construction Co. of TN, LLC, Conway, AR 72032","Worker had parked a water tank truck on an incline.  While filling the truck's tank, the truck rolled down the incline and over the worker.",Unknown,35.0886963,-92.4421011
NY,10/23/10,"TKH Northeast, Inc., Hornell, NY 14843","Worker was operating an earth roller that tipped and crushed him.",Unknown,42.3278477,-77.6611025
GA,10/23/10,"Universal Plumbing, Augusta, GA 30904","While worker was uncovering a sewer pipe with a shovel in a trench approximately 6 feet deep when the trench collapsed.",Unknown,33.4775837,-82.013465
PR,07/21/09,"Marino Construction, San Juan, PR 00918","Two workers were plastering walls at an elevated height of 150-feet, a mast scaffold was used as a working platform. The scaffold platform became loose and fell to the ground, killing the two workers.",Unknown,18.4180126,-66.0671709
WA,09/27/09,"Flat Top Ranch LLC, 2521 Fishhook Park Road, Prescott, WA 99348","The worker was attempting to hook up a tractor grader to a semi that lost traction while ascending a hill. The grader was parked in front of the semi. The grader lost brakes, rolled back crushing the worker between the grader and the semi truck.",Unknown,46.2995837,-118.3149677
TX,10/02/09,"Oakwood Apts., Lake Jackson, TX 77566","Worker was doing repairs on the roof of apartments using a 24-foot aluminum extension ladder. He descended from the ladder, stepping on the first step and fell 20-22 feet.",Unknown,29.01361,-95.426652
NC,10/07/09,"All About Care Heating & Air Conditioning, Winston Salem, NC 27107","The worker was working on the roof on a home when the worker fell through a hole in the roof and hit his head against the concrete floor of the basement. He was transported to the hospital where he was pronounced dead on October 9, 2009.",Unknown,36.0104644,-80.1651854
WA,10/08/09,"AAA Seattle Best Autobody Inc., Seattle, WA 98133","The worker was removing a bumper from a wrecked SUV. The worker jacked up the rear of the SUV and was underneath removing the bumper when the jack collapsed pinning the worker.",Unknown,47.7393027,-122.3435336
CT,10/08/09,"Town of Plainfield Polic Department, Plainfield, CT 06374","The worker collapsed while responding to an aggressive dog call at a resident's address. The worker died 9 days later in the hospital.",Unknown,41.704883,-71.904098
PR,10/14/09,"Maderera Donestevez Inc., Carolina, PR 00979","The worker was working on dispatching merchandise and was pinned against the merchandise by the fork lift being driven by another employee.",Unknown,18.4386264,-66.013642
KY,10/15/09,"Color Corporation of America, Louisville, KY 40210","The worker collapsed while filling production barrels. The worker was transported to the hospital where he later died.",Unknown,38.2357356,-85.7820416
FL,10/16/09,"JSJ Tile & Stone, Inc., Bradenton, FL 34209","Worker was struck by a pick-up truck that was backing up from a warehouse.",Unknown,27.5073732,-82.6375402
AR,10/16/09,"Souter Construction, Menifee, AR 72107","Worker fell off a boarding ramp to a docked tug and drowned.",Unknown,35.148361,-92.5457954
MO,10/16/09,"Tri-County Trucking & Excavating, Hermann, MO 65041","Worker was unloading a D76 Dozer and was trapped by the dozer.",Unknown,38.7042119,-91.4373844
AR,10/17/09,"Steve Bolin Logging, Hamburg, AR 71646","Worker was waiting in line to be loaded out at a mill. He had exited his truck to check on something on the trailer in front of him. While doing so the truck pull forward. The trailer tires struck and traveled over the worker.",Unknown,33.2281757,-91.7976285
OR,10/17/09,"Wong Potatoes Inc., Merrill, OR 97603","The worker was run over by a trailer while harvesting onions.",Unknown,42.0251516,-121.6005501
WI,10/18/09,"American Packaging Corp., Columbus, WI 53925","Worker was using a hand-held grinder on floor bolts when sparks ignited flammable vapors in the area.",Unknown,43.3380464,-89.0153875
NJ,10/18/09,"E & C Construction Oc., Newark, NJ 07104","Worker fell 30-feet from a roof to the ground.",Unknown,40.7758541,-74.1650991
IL,10/18/09,"Mark-It Stripping Corp., Berywn, IL 60402","Worker was marking a roadway for striping operations and was struck by an automobile.",Unknown,41.8339435,-87.7910891
CT,10/18/09,"Marlette Homes, Inc., Ledyard, CT 06339","Worker was installing trimming and fell, hitting his head against the kitchen island.",Unknown,41.4449632,-72.0112598
CO,10/19/09,"Unknown, Broomfield, CO 80023","Worker was doing construction operations and was struck by a road grader.",Unknown,39.9651949,-105.0206757
NE,10/20/09,"Dobson Brothers Construction Company, Lincoln, NE 68501","During the interface between an asphalt paving machine and the asphalt truck, the rear tire of the truck exploded. The worker was struck be the exploding tire debris and release of pressure.",Unknown,40.8185796,-96.7112722
IL,10/20/09,"Hunter Maintenance & Leasing, Inc., Chicago, IL 60609","Worker was replacing a hydraulic cylinder which raised the hopper of a street sweeping vehicle. The decedent had raised the hopper and was working within the framework, when the hopper dropped, crushing the worker between the hopper and the framework.",Unknown,41.8062766,-87.6482474
NY,10/20/09,"Sutherland Builders Inc., Penn Yan, NY 14527","Worker was struck/crushed by walls and roof of a building after a dump truck fell onto the building.",Unknown,42.6609026,-77.0538577
CO,10/21/09,"Ace Roofing, Carbondale, CO 81623","Worker was working in the attic space of a residential home securing a ventilation line and fell through the attic floor.",Unknown,39.4022054,-107.2111628
TX,10/21/09,"Harris Rathole Service, Midland, TX 79701","Worker was holding the lid of a derrick truck while the derrick was being raised. The derrick contacted overhead power transmission lines and the worker was electrocuted.",Unknown,31.9916009,-102.0832543
WV,10/22/09,"Johnson Western Gunite Company, Kermit, WV 25674","Worker was operating an excavator and was crushed after the wall collapsed on the excavator.",Unknown,37.8437074,-82.4093134
PA,10/22/09,"P & B Partitions, Inc., Verona, PA 15147","Worker was in the process of moving a scissor lift using a lull to move it from floor to floor. Worker entered the scissor lift to drive it off the forks, a portion of the concrete plank landed on the worker, who was in the scissor lift.",Unknown,40.5064571,-79.843105
CO,10/23/09,"Brug Electric, Golden, CO 80401","Worker was working on a light fixture from a ladder 15-feet above the ground and fell, possible shock.",Unknown,39.755543,-105.2210997
MA,10/23/09,"David Gooding Inc., Brockton, MA 02302","Worker was sruck by an object that fell from a shelving rack.",Unknown,42.0835153,-70.9903438
MN,10/23/09,"TD & I Cable Maintenance, Lakeland, MN 55043","The worker was pulling cables or cutting cables and hit a 13,000 line and was electrocuted.",Unknown,44.9563563,-92.7657593
KY,10/22/09,"Downey's Contracting LLC, Lexington, KY 40510","The worker was descending a ladder when suddenly he collapsed to the ground. CPR was administered but the worker's heart did not respond. The coroner ruled out the fall as a cause of death.",Unknown,38.0765476,-84.5955732
MS,10/24/09,"Corrosion Control Specialist, Pascagoula, MS 39581","Worker was dismantling a 40-foot high scaffold and fell.",Unknown,30.3657552,-88.5561272
TX,10/25/09,"Gulf Stream Marine Inc., Brownsville, TX 78526","Worker was unloading a vessel and was struck by a loose spinning cargo sling chain.",Unknown,26.014378,-97.4597725
CT,10/26/09,"Insituform Technologies, Inc., West Hartford, CT 06107","Worker was crossing a street to get to a work zone and was struck by a motor vehicle.",Unknown,41.752238,-72.7629126
WI,10/26/09,"Val-O-Mo Farm, Inc., Elmwood, WI 54740","Worker was operating a skid-steer cleaning out a dairy cattle barn near an outdoor manure slurry pit. The skid-steer and the worker fell off the end of the push-off platform into the manure slurry pit, trapping the worker in the vehicle. Worker died of suffocation due to inhalation of manure.",Unknown,44.7810761,-92.1460139
KY,10/27/09,"Hardin Memorial Hospital, Elizabethtown, KY 42701","The worker had shortness of breath upon arriving at work. The worker was taken to the ER and went into cardiac arrest and died. The cause of death was cardiac arrest or pulmonary embolism.",Unknown,37.710824,-85.875931
NV,10/27/09,"J & M Trucking, Ely, NV 89301","The worker was driving to Duckwater. The left front tire on the concrete blew out, which caused the truck to flip killing the worker.",Unknown,39.5699721,-114.8092691
IN,10/29/09,"Ceres-Midland, Fairmount, IN 46928","The worker was trapped in a large auger attached to a grain silo.",Unknown,40.4153179,-85.6505317
NC,10/29/09,"Pike Electric, Inc., Mount Airy, NC 28719","The worker was performing maintenance on a power line when he was electrocuted.",Unknown,35.5749683,-83.2720082
SC,10/22/09,"Linde Material Handling North America Corporation, Summerville, SC 29483","A forklift mast fell on the worker.",Unknown,33.0185039,-80.1756481
UT,10/25/09,"A-Core Concrete Cutting Inc., Salt Lake City, UT 84111","The worker completed jack hammering a small section of concrete when a vehicle on the freeway went through the work site barricades, struck the worker, dragging him before striking a concrete barrier. The driver fled the scene killing the worker.",Unknown,40.7569389,-111.8836874
PR,10/26/09,"Cemeterio Mayaguez Memorial, Inc., Mayaguez PR 00681","The worker was moving and cutting marble and granite covers. While the worker was working on one cover, it fell on the worker killing him and injuring another employee and the owner.",Unknown,18.2014973,-67.1434021
NV,10/28/09,"Insulation Maintenance & Contracting, LLC, North Las Vegas NV 89030","The worker was insulating pipes from a scissor lift, when co-workers noticed the worker collapsed and unresponsive. The worker was transported to the hospital where he was pronounced dead.",Unknown,36.2040034,-115.1296249
IN,10/29/09,"D&M Construction, Chandler, IN 47610","Worker was working alone replacing gutters, louver and other work prior to painting. The worker fell from a step ladder onto flat roof. The worker did not seek any medical attention at the time. The worker was found unresponsive that same night.",Unknown,38.0417113,-87.3680648
SC,10/29/09,"Twiggs & Twiggs, Monck Corner, SC 29461","The worker was cutting the limbs of a felled tree. A tree being cut struck the worker.",Unknown,33.146521,-79.9864071
TX,10/30/09,"Cooper Plastering, Inc., Bullard, TX 75757","Worker was working from a mechanical mezzanine and fell 14-feet through a hole in the floor to the lower level.",Unknown,32.1398804,-95.320229
WA,10/30/09,"Seattle Police Department, Seattle, WA 98124","The worker was shot multiple times in the head, neck and shoulder.",Unknown,47.6043288,-122.3294489
KY,10/30/09,"United Parcel Service, Inc., Lousville KY 40213","While on lunch the worker suffered an asthma attack. The worker was taken to the hospital but did not survive.",Unknown,38.1804513,-85.7102437
IL,10/31/09,"Crowley-Sheppard Asphalt Co. Inc., Chicago Ridge, IL 60415","Worker was flagging traffic in a road construction zone and was struck by a truck.",Unknown,41.7014217,-87.7792196
OH,10/31/09,"Roth Painting, LLC, Bellaire, OH 43906","Worker was walking down steps from a utility room when he slipped or tripped.",Unknown,40.0161843,-80.7423054
NV,11/02/09,"BS Truckline, Inc., 4080 East Lake Mead Blvd., Las Vegas, NV 89115","The worker was travelling on a highway and his vehicle swerved off the highway, went airborne and hit an embankment causing the worker to sustain fatal injuries.",Unknown,36.196071,-115.085164
KS,11/02/09,"KBK Industries, LLC, Pfeifer, KS 67660","Worker was delivering a fiberglass tank. He was retracting the knuckle boom on the crane back to travel position. The boom contracted a power line. Worker suffered injuries from electric shock.",Unknown,38.7080679,-99.1656536
MA,11/02/09,"McCabe Tree Service, Harwich, MA 02645","Worker was on an aluminum extension ladder that had been extended 30-feet cutting limbs from a tree, lost his balance and fell.",Unknown,41.7099794,-70.0622231
LA,11/02/09,"Owensby & Kritkos, Inc., St. James, LA 70086","Worker was working from scaffolding platform, while setting a ladder, lost his balance and fell through a 1-foot opening between the work platform and guardrail systems, 30-feet to the ground level.",Unknown,30.00583,-90.8770473
LA,11/02/09,"Plaquemine Point Shipyard, Sunshine, LA 70780","Worker was performing maintenance on a tank area within the dry docked barge and upon exiting the area complained of experiencing breathing difficulties.",Unknown,30.2968367,-91.1882837
GA,11/02/09,"Renaissance on Peachtree, Atlanta, GA 30319","Worker was using a ladder to change a light bulb and fell from the ladder to the ground.",Unknown,33.855922,-84.349072
MN,11/03/09,"CHS Inc., Inver Grove Heights, MN 55077","After unloading truck, worker went to next bay and struck a few vehicles and the building across from the delivery site.",Unknown,44.8478826,-93.0706128
IL,11/03/09,"US Aqua Vac, Inc., Deerfield, IL 60015","Worker was diving under water cleaning a pond and drowned.",Unknown,42.1711365,-87.8445119
IL,11/03/09,"WL Construction, Inc., Western Springs, IL 60558","Worker was placing a stepladder over a stairwell to retrieve wood from a job built scaffold. Worker was standing on the ladder when the ladder shifted and fell 14-feet into the concrete stairwell.",Unknown,41.8097532,-87.9006155
CT,11/04/09,"MJM Carpentry, Unionville, CT 06085","Worker was setting steel beam in house foundation and making adjustments to level the beam. The beam dislodged from its support and fell onto the worker.",Unknown,41.7431804,-72.8929
PA,11/04/09,"Penns Woods Tree Company, Allentown, PA 18109","Workers were removing a tree by cutting the trunk into sections from an aerial bucket truck. The log was dropped 15 to 20-feet from the bucket, the worker operating the chipper had not cleared below and the log struck him on the head.",Unknown,40.6084305,-75.4901833
MO,11/05/09,"IHP Industrial, Inc., St. Joseph, MO 64503","Worker was found on top of an air conditioning unit on a roof.",Unknown,39.7280513,-94.8002333
OH,11/05/09,"International Tank Co., Lima, OH 45804","Worker fell 50-feet out of an Aerial Work Platform.",Unknown,40.742551,-84.1052256
FL,11/05/09,"VNM Erector, Inc., Miami, FL 33126","Worker was performing roadway repair and was struck by a vehicle.",Unknown,25.778647,-80.2962385
NC,10/29/09,"William E. Lewis Logging, Inc., Greenville, NC 27834","Worker was struck in the head by the top of a dead tree that was falling.",Unknown,35.612661,-77.3663538
NJ,10/30/09,"Greenman-Pedersen Inc., Edison, NJ 08837","Worker was crushed by steam roller.",Unknown,40.5230137,-74.3411515
KY,11/02/09,"Randy Wagers dba R & B Roofing, Hyden, KY 47162","The worker fell from the scaffold after being electrocuted. The worker died at the hospital while receiving treatment.",Unknown,38.5550347,-85.4684971
AR,11/03/09,"Wal-mart Store #58, Russellville, AR 72802","Worker was in the process of removing a box that contained a bicycle from a storage rack. He was standing on the second or third step of a step ladder. The box fell forward and he fell from the ladder, striking his head on the floor.",Unknown,35.2784173,-93.1337856
TX,11/04/09,"K&W Aviation, La Porte, TX 77571","Worker was riding on a golf cart, stood up and fell, hitting his head.",Unknown,29.6657838,-95.0193728
MD,11/06/09,"LAI Construction Services, Frederick, MD 21701","Worker was backed over by bucket truck.",Unknown,39.4142688,-77.4105409
KY,11/06/09,"New Castle Hauling LLC, Foster, KY 41043","The worker was operating a skidder during a logging operation when the skidder turned over. There were no witnesses. The worker was pinned under the skidder. Emergency services arrived and was pronounced dead.",Unknown,38.7707725,-84.1962563
MN,11/07/09,"Roger Schartz & Sons, Inc., Rose Creek, MN 55970","Worker fell from top of truck and later died 11/8/2009.",Unknown,43.6035756,-92.8318541
IL,11/08/09,"Combe Laboratories, Inc., Rantoul, IL 61866","Worker was looking up at a box performing work activities and passed out, hitting his head.",Unknown,40.3083672,-88.1558785
NV,11/09/09,"Wal-mart Supercenter, Las Vegas, NV 89123","The worker collapsed in the dairy areas and was found unconscious and unresponsive by an employee. The worker was transported to the hospital where he was pronounced dead from an apparent heart attack.",Unknown,36.0357492,-115.1533426
MO,11/10/09,"Midwest Steel, Inc., Kansas CIty, MO 64108","Worker was elevated in an aerial lift that collapsed.",Unknown,39.0795392,-94.5985613
IN,11/11/09,"Egenolf dba Horner Industrial Services, Indianapolis, IN 46225","Worker was working alone and found by other employees having either fallen into or been inadvertently crushed by a moving part on a piece of equipment.",Unknown,39.7379842,-86.1599149
IL,11/11/09,"Quail, Inc., Springfield, IL 62703","Worker was removing a tarp from his pickup truck and was struck by a wheel end loader, crushing him.",Unknown,39.764682,-89.6345796
KS,11/12/09,"Garden City Coop, Inc., Dighton, KS 67839","Worker was performing duty in a grain bin and was engulfed by grain.",Unknown,38.4819612,-100.4670844
WV,11/12/09,"Guardian Fiberglass Inc., Inwood, WV 25428","Worker was found caught up in a roll up machine that tolls up fiberglass insulation.",Unknown,39.3578781,-78.0399994
CT,11/13/09,"O&G Industries, Inc., Hamden, CT 06518","Worker was engaged in work activities including rough terrain forklift operations and construction work and was walking up an incline away from the Lull carrying a screw gun box and was struck by the right rear tire of the Lull.",Unknown,41.4305881,-72.9106202
TX,11/14/09,"Lopez Landscaping, San Antonio, TX 78266","Worker was deep in a trench wrapping fence wire around the roots of an oak tree being transplanted. The wire broke and he was caught in a cave-in.",Unknown,29.6318718,-98.3197946
GA,11/14/09,"Miguel & Ulises Navarro, Suwanee, GA 30024","Worker was re-roofing a home and while walking on the ridge of the roof, he slipped, falling to the deck below.",Unknown,34.0514898,-84.0712997
NC,06/09/09,"Canagra Food Inc. dba Conagra Snack Foods Division, Garner, NC 27529","An explosion and collapse of the building structure resulted in 4 worker deaths with the fourth succumbing to his injuries 11/19/2009.",Unknown,35.7112642,-78.6141709
NC,10/20/09,"Gerald B. Denny, Oxford, NC 27565","The worker was repairing a skylight on the roof. He fell through the skylight area to the concrete pad. The worker died on the scene.",Unknown,36.3107004,-78.5908345
MN,10/30/09,"KLN Enterprises, Inc., Perham, MN 56573","Worker fell through open catwalk.",Unknown,46.5953437,-95.5730088
TX,11/02/09,"C.N. Construction, Inc., Killeen, TX 76549","Worker was christmas treeing three roof opening frames and the frame at the bottom of the rigging came off the hook, striking the worker.",Unknown,31.1171194,-97.7277959
TX,11/09/09,"Keen Energy Services, Nacogdoches, TX 75961","Worker contracted H1N1 flu.",Unknown,31.6035129,-94.6554874
NV,11/11/09,"Opportunity VIllage, ARC, Las Vegas, NV 89146","The worker was working inside a rental car office. Worker was found unconscious by a customer near the office counter. He was transported to the hospital where he later died.",Unknown,--,--
FL,11/16/09,"Big Lade Planting, Belle Glade, FL 33430","Worker was driving a tractor pulling wagons in sugarcane harvesting, went off the road into a canal, drowning.",Unknown,26.6845104,-80.6675577
IN,11/16/09,"John COllier Logging, Inc., Filmore, IN 46128","Working at a private residence curring down trees, the worker was struck b a limb in the head and died.",Unknown,39.6787503,-86.7516942
LA,11/17/09,"Associated Marine Equipment, Manchac, LA 70421","Worker was in the process of removing a boom from a crane and knocked out 2 bottom pins from the heel section. The heel section came down, striking the worker.",Unknown,30.29,-90.4
TN,11/17/09,"Bristol Tennessee Essential Services, Bristol, TN 37620","The worker was climbing a utility pole to perform routine maintenance work and came into contact with a high voltage line.",Unknown,36.5951059,-82.1887444
OK,11/17/09,"Cactus Drilling, LLC, Elk City, OK 73644","Workers (2) were struck by a load being raised by a crane when rigging spreader came loose.",Unknown,35.4119944,-99.4042592
MA,11/17/09,"Enterprise Holdings, Weymouth, MA 02188","Worker was crushed by an automobile that was rolling backwards.",Unknown,42.2071619,-70.9606241
SD,11/17/09,"JJ Concrete, Inc., North Sioux CIty, SD 57049","Worker was setting foundation forms. An excavated dirt wall caved in, burying and crushing him.",Unknown,42.5272168,-96.4830864
LA,11/17/09,"Moreau's Material Yard, Des Allemandes, LA 70030","Worker was riding a lead system when the crawler crane tipped over causing him to be thrown from a platform, striking the boom of the crane.",Unknown,29.811379,-90.4313729
NJ,11/17/09,"Valcourt Building Services, Montclair, NJ 07044","Worker was caulking an AC unit and fell off the balcony.",Unknown,40.836743,-74.2472779
OH,11/18/09,"Brown Transport, Inc., West Alexandria, OH 45381","Worker was dumping waste from papermill site that is being torn down, when dump trailer made contact with power lines. The worker exited the truck cab and was electrocuted.",Unknown,39.7444973,-84.5321727
LA,11/18/09,"Elevating Boats LLC, Houma, LA 70363","Worker was in a nearby workshop when the boom of a 200-ton crane collapsed into the workshop fatally injuring the worker.",Unknown,29.5957696,-90.7195348
OH,11/18/09,"Pro Medica Health Systems, Toledo, OH 43606","Worker was struck by a van that was backing in.",Unknown,41.6735366,-83.624201
IN,11/18/09,"Topp Industries, Rochester, IN 46875","The worker was removing a starter part. It slipped off the mandrill and fell onto the worker killing him.",Unknown,--,--
OH,11/19/09,"Dal-Tile Corporation, Cincinnati, OH 45242","Worker was transferring granite slabs and a slab fell, crushing the worker.",Unknown,39.2364358,-84.3647199
MA,11/19/09,"West Selden Construction, Incorporated, Boston, MA 02122","Worker was in the process of climbing the frames of a scaffold to get to his work station and collapsed, falling 25-feet from the platform to the ground below.",Unknown,42.2967146,-71.0527482
IL,11/20/09,"Brubaker Transfer, Inc., Morton, IL 61550","Worker was standing along side his semi-trailer, as it was being unloaded by a powered industrial truck. A bundle of steel weighing 2700-pounds fell, striking him.",Unknown,40.6128161,-89.4592609
TX,11/20/09,"Keen Energy Services, Nocogdoches, TX 75961","Worker was part of a land based oil rig & natural gas well drilling rig crew and contracted the H1N1 flu.",Unknown,31.5941955,-94.5211935
OH,11/20/09,"Pittsburg Glass Works, Chillicothe, OH 45601","Worker was operating an order picker and struck a rack, which pushed a pallet of glass onto the order picker.",Unknown,39.3331197,-82.9824019
NY,11/02/09,"NYSDOT Alder Creek Sub Residency, Alder Creek, NY 13301","A New York State Department of Transportation Highway Maintenance worker, while working as a flagman in a work zone was struck b a motor vehicle.",Unknown,43.4237533,-75.2158171
TX,11/02/09,"Pfeiffer & Sons, La Porte, TX 77571","Worker was in the process of installing a wireless point at a facility. He was using a 6-ft ladder to access the ceiling, fell backwards off the ladder, striking his head on the concrete floor.",Unknown,29.6657838,-95.0193728
HI,11/02/09,"Siu's Electric Coro., Honolulu, HI 96817","Worker was crushed between a forklift and a parked flatbed truck.",Unknown,21.3433967,-157.8390944
NY,11/10/09,"Purchase College, Purchase, NY 10577","The worker, a custodial supervisor, was found dead.",Unknown,41.0466485,-73.6977661
WV,11/17/09,"Bradens Towing & Collision, Wheeling, WV 26003","Worker was performing detail work on a vehicle and ingested a wheel cleaning solution.",Unknown,40.0639616,-80.7209149
CA,11/19/09,"AGR Contracting, Ducor, CA 93218","Worker fell off orchard picker ladder as he was ascending with an empty orange pickers bag.",Unknown,35.8916196,-119.047324
WA,11/19/09,"WA St Transportation Dept, Olumpia, WA 98501","Worker was struck in the head b dead top of tree.",Unknown,47.0355285,-122.8958625
IN,11/21/09,"Village Pantry, Indianapolis, IN 46885","Worker was working alone when two men entered the establishment. They came behind the counter and shot the worker and stole 21 cartons of cigarettes and no money.",Unknown,41.12,-85.0699999
IL,11/23/09,"Nicor Gas, Naperville, IL 60564","Worker was operating a Vermeer ditch witch backfilling a hole. The stringer was struck by a passing vehicle and the ditch witch tipped over, landing on top of the worker.",Unknown,41.6967777,-88.1974148
CA,11/23/09,"Thompson Grassvalley, Nevada City, CA 95959","Worker collapsed walking into the office. Possible Heat Attack - Unknown.",Unknown,39.2615606,-121.0160594
MN,11/24/09,"Bertils Gravel Y Excavation LLC, Crookston, MN 56716","A trailer attached to a truck ran over the worker who was loading gravel from the ground.",Unknown,47.7745617,-96.6093911
TX,11/24/09,"Palacios Marine and Industrial, Corpus Christi, TX 78469","Worker was working on the 2nd floor of a building and fell through an open door way to the ground.",Unknown,27.798027,-97.4290094
NV,11/24/09,"Yellow Checker Star Cab Company, Las Vegas, NV 89118","The worker was in his cab at the back stand at Harrah's Casino Hotel. Hotel security was notified when someone found the worker to be in an unresponsive state. He was transported to the hospital where he was pronounced dead.",Unknown,36.0809667,-115.2244853
TX,11/27/09,"Ross Construction, Spicewood, TX 78669","Worker was changing the hydraulic fluid in a dump truck with the dump bed raised. The dump bed fell, pinning him.",Unknown,30.4367302,-98.1120116
WI,11/19/09,"Beyond Green, Inc., Paddock Lake, WI 53168","Worker working in a tree, fell hitting their head.",Unknown,42.5775187,-88.1050853
TX,11/30/09,"King FIsher Marine Service, Inc., Port Lavaca, TX 77979","Worker was painting a boat on the water and was unaccounted for. Worker drowned, and the body was found underwater.",Unknown,28.6149968,-96.6260892
MO,12/01/09,"Main Street Feeds Inc., Monett, MO 65708","Worker fell from atop of a feed truck.",Unknown,36.9289502,-93.9277071
IL,12/01/09,"Rafael Torres dba Rafael Torres, Oak Park, IL 60302","Worker was removing a radiator from a house, and fell 7 feet off an unguarded wood deck.",Unknown,41.8933254,-87.7812524
OH,12/01/09,"Salem Golf Culb, Salem, OH 44467","Worker was cutting down a tree using a chain saw. The tree fell onto another tree, causing a branch to fall on the worker.",Unknown,40.872123,-80.8397612
MA,12/01/09,"United Industrial Services, Chelmsford, MA 01824","Worker was preparing to remove waste containers from the highway and was struck by a motor vehicle.",Unknown,42.6004425,-71.3468091
FL,12/02/09,"Raymond F. Kravits Center for Performing Arts, West Palm Beach, FL 33401","Worker was installing stage lights at a height of 25 feet from a truss system and fell.",Unknown,26.7153474,-80.0533253
TX,12/03/09,"Kid Jones Oil Co., Tyler, TX 75701","Worker was standing on the medium and was struck by a car.",Unknown,32.3243856,-95.2997959
TX,12/04/09,"Valero Refinery, Texas City, TX 77590","Worker was lighting a pilot on a boiler in a stream unit when the boiler catastrophically failed.",Unknown,29.3852763,-94.9247074
OH,12/05/09,"Kane Kauffman, Lebanon, OH 45036","Workers (2) were in a horse barn fire.",Unknown,39.4353373,-84.2029922
PA,12/06/09,"Exel Inc., Lancaster, PA 17061","Worker was operating a picker and was pinned between the horizontal rack bar and the controls of the picker.",Unknown,40.5579051,-76.9412601
MS,12/07/09,"Cahaba Disaster Recovery, LLC, Coldwater, MS 38618","Workers (2) were engaged in debris removal. They were in the cab of a Caterpillar D-4 dozer and drove it toward the river. The dozer fell into the river, and the two workers drowned.",Unknown,34.6917684,-89.9773124
NY,12/07/09,"First Choice Supply Inc., Brooklyn, NY 11219","Worker was crushed by falling granite countertops.",Unknown,40.6310753,-73.9976946
CT,12/07/09,"R.C. Torre Construction Corporation Inc., Greenwich, CT 06830","Worker was installing copper flashing on a roof and was found unresponsive on the ground between the bases of two ladders.",Unknown,41.0670166,-73.6182979
FL,12/08/09,"Community Asphalt Corp., Fort Lauderdale, FL 33324","Worker was backed over on highway construction site.",Unknown,26.1076663,-80.2711588
FL,12/09/09,"Apria Healthcare, Inc., Daytona Beach, FL 32114","Worker was delivering medical products and was run over by his own truck.",Unknown,29.1987957,-81.0423429
SC,12/09/09,"Southern Custom Exhibits, Hardeeville, SC 29927","Worker was in the attic of a center under construction and was electrocuted.",Unknown,32.2871413,-81.0806665
NY,12/10/09,"International Chimney Corporation, Dunkirk, NY 14231","Worker was pinned between the bed of a dump truck and the cab/chassis.",Unknown,42.9784809,-78.7356957
DE,12/11/09,"BJ's Wholesale Club, Inc., New Castle, DE 19720","Worker was walking from the parking lot to the entrance and was run over by a delivery truck.",Unknown,39.6620572,-75.5663132
OH,12/11/09,"Land O'Lakes, Inc., Wooster, OH 44691","Worker was shoveling corn into a bucket of a bobcat and was found unresponsive.",Unknown,40.8050565,-81.935143
CA,12/08/09,"7-UP Re Bottling Company, Redlands, CA 92373","Worker was found on floor unconscious, no witness. (Inspection planned)",Unknown,34.0555693,-117.1825381
NC,12/08/09,"Manning Masonry Inc., Williamston, NC 27892","Worker was laying paper and plastic on finished floor and stepped into a hole, falling onto the concrete floor below.",Unknown,35.8546039,-77.0555114
NY,12/09/09,"Northumberland Town Highway Dept., Gansvoort, NY 12831","Worker was performing highway snow plowing duties and was involved in a collision with a train at the crossing.",Unknown,43.2029076,-73.6771662
MS,12/09/09,"Robert Lee Williams, Batesville, MS 38606","Worker was installing decorative lights on a 10-12 foot tree, touched an overhead electrical line and was electrocuted.",Unknown,34.3114982,-89.9442567
NY,12/10/09,"Sand Hill Construction, LLC, Hudson Falls, NY 12839","Worker fell from a pump jack scaffold.",Unknown,43.3006281,-73.5859487
WA,12/12/09,"Fidalgo Construction LLC, Anacortes, WA 98221","The worker was lowering a residence to meet with the shortened foundation wall. The worker was trapped and crushed between a support beam and a small section of beam stock when the structure collapsed unexpectedly.",Unknown,48.5126045,-122.6126718
IL,12/12/09,"Tom's Creative Landscaping, Inc., Sugar Grove, IL 60554","Worker was cleaning a dump truck. Worker stuck his arm into salting auger and was sucked in.",Unknown,41.7614181,-88.443686
ND,12/13/09,"RES Investments, Williston, ND 58801","Worker was thawing two 3-inch valves with a propane torch on a tank trailer that exploded.",Unknown,48.1469683,-103.6179745
NY,12/14/09,"Demand Communications, Inc., Montour Falls, NY 14865","Communication tower collapsed, killing worker.",Unknown,42.3472958,-76.8452351
TX,12/14/09,"J & J Farms, Memphis, TX 79245","Worker was found in the receiving basket of a cotton stripper.",Unknown,33.1246539,-96.7866798
TX,12/14/09,"VN Printing, Houston, TX 77002","Worker was struck by a 1,500-lb load.",Unknown,29.752554,-95.3704009
OH,12/15/09,"Gallagher's Landscaping, Chagrin Falls, OH 44023","Worker was trimming a lower branch on a tree. An upper branch worked loose and fell on him, striking his head.",Unknown,41.3698038,-81.2739073
TX,12/16/09,"Mission Open Air Market, San Antonio, TX 78221","Worker was walking to the flea market's concession and was struck by a vehicle.",Unknown,29.2982317,-98.4952228
ME,12/18/09,"Cyr Construction Company, Presque Isle, ME 04769","Worker was walking and working on the second level floor. Worker was moving equipment and fell 11 feet and was struck by an electrical panel that he was moving.",Unknown,46.681153,-68.0158615
CO,12/19/09,"Coating Management Services, LLC, Denver, CO 80249","Worker fell into a 4-ft by 8-ft hole leading to a 20-ft depth reservoir and drowned.",Unknown,39.8786639,-104.6821048
KY,12/17/09,"Manion & Associates, Inc., Brandenburg, KY 40108","Two workers were doing road surveying each on either side of the road. A civilian driver came over the hill and suddenly applied his brakes, even though no person, equipment, or car was in the road. This caused his car to spin off the road, running over one of the workers.",Unknown,37.9989592,-86.1694143
CA,12/17/09,"TBM, Inc., Visalia, CA 93277","Worker fell from a ladder while working inside an airplane.",Unknown,36.3033521,-119.3831026
CA,12/18/09,"Sonoma Compost Company, LLC, Petaluma, CA 94952","Worker was on ground when he was run over by a front loader.",Unknown,38.232417,-122.6366524
CA,12/19/09,"Auto Zone Store, Oakland, CA 94603","Security guard worker was shot three times during robbery. The assailants took his weapon.",Unknown,37.7355719,-122.1802812
CA,12/20/09,"Gateco, Newbery Park, CA 91360","Worker, who is the owner, was doing electrical work and fell through the skylight. (No inspection planned)",Unknown,34.2024698,-118.8741429
NY,12/20/09,"Premier Asphalt and Masonry, Inc., Coram, NY 11727","Worker was found in vehicle with engine running; carbon monoxide over exposure.",Unknown,40.8818158,-72.9992013
LA,12/21/09,"Country Club Auto Repair, Inc., Lake Charles, LA 70305","Worker was repairing a roof insulation and fell 14 feet to the ground.",Unknown,--,--
CA,12/21/09,"County of Los Angeles - Office of Education, Downey, CA 90242","Worker was found unconscious in her cubicle by a janitor. (Inspection planned)",Unknown,33.9160447,-118.1288959
MA,12/21/09,"Estes Express Lines, Seekonk, MA 02771","Worker was crushed between the forklift he was operating and a concrete bollard next to the loading dock door after stepped off the forklift.",Unknown,41.808434,-71.3369972
FL,12/21/09,"Kenvelm, Inc. dba KE Beal Company, Cape Coral, FL 33919","Worker was part of a four man tree trimming crew and was in the process of cutting down a 25-foot palm tree. Worker walked into the path of the falling tree and was struck by the tree.",Unknown,26.5545224,-81.898908
CA,12/22/09,"ANF Engineering, Inc., Redwood City, CA 94061","Worker was cleaning up on side of the road and was run over by a dump truck backing up.",Unknown,37.4634447,-122.2256803
SD,12/22/09,"South Dakota Wheat Growers Association, McLaughlin, SD 57642","Worker entered a storage bin through a track side access hole that was 15 feet above ground and was engulfed by sunflower seeds.",Unknown,45.8144431,-100.8104113
CA,12/23/09,"Golden Empire Concrete Products, Inc., Bakersfield, CA 93311","Worker, a Quality Control Manager, was found lying face down. (Inspection planned)",Unknown,35.3732921,-119.0187125
TX,12/23/09,"I.G. Express Electric, New Braunfels, TX 78130","Worker was being elevated from a trash box on a forklift to reach a light pole. The trash box and worker fell to the parking lot.",Unknown,29.7030024,-98.1244531
IL,12/23/09,"Storage Battery Systems, Inc., Alsip, IL 60803","Worker was working beneath an elevated hydraulic platform and the platform failed, crushing the worker.",Unknown,41.6689223,-87.7386619
AR,12/23/09,"Walls Contractors, Inc., Newport, AR 72112","Worker was preparing drywall to be painted and found a coil of wire hanging from the ceiling. He attempted to throw the coil over a beam in the ceiling. The coil of wires struck the beam and fell back down. The wires contacted the worker and he was electrocuted.",Unknown,35.6048018,-91.2817951
IL,12/25/09,"Stark Excavation, Inc., Normal, IL 61790","Worker was operating a track hoe to remove columns lodged against a building. The columns were rigged with a nylon strap and were attached to the track hoe. While hoisting the façade from the building, the strap broke and the concrete façcade fell on the cab of the track hoe, fatally injuring the worker.",Unknown,40.5102643,-88.9979584
OK,12/26/09,"Tomcat Drilling, LLC, Ames, OK 73718","Worker on a derrick board fell with the collapsing mast. The derrick board broke loose from the mast and the worker was thrown against a metal structure on the ground.",Unknown,36.2458685,-98.1853448
GA,10/31/09,"The Pallet Factory Shady Dale, GA 31085","Worker was contracted to remove and install a new breaker that controlled a chipper. The disconnect was placed in the off position and the worker began disconnecting the I/O cable from the lugs inside the box, when an arc flash occurred.",Unknown,33.4006823,-83.5901713
CA,12/22/09,"City of Corona, Public Works Department Corona, CA 92882","Worker, an Inspector, was walking in a crosswalk when he was hit by a city vehicle.",Unknown,33.8786634,-117.5763343
CA,12/24/09,"Trinidad Bustillos San Diego, CA 92154","Worker was loading lumber onto a flatbed truck. Worker climbed the load to put spacers under forklift load. As he climbed, the lumber collapsed onto him, crushing him.",Unknown,32.5967198,-116.9028125
KY,12/26/09,"Ford Motor Company, Kentucky Truck Plant Louisville, KY 40241","Worker, a maintenance employee, was removing steel beam for the installation of new assembly equipment. After one end of the beam was cut by a welder, the beam apparently slid off the forklift it was raised on and struck worker.",Unknown,38.3018831,-85.5766466
CO,12/28/09,"Ajm Framers Inc. Broomfield, CO 80020","Worker was removing icicles from the roof line of a building. Worker was located in a box attached to a forklift, the box shifted, and the worker fell 30-feet to the concrete below.",Unknown,39.9389199,-105.0674317
OR,12/28/09,"Douglas County Inc. Roseburg, OR 97471","Worker was caught in the unscrambler.",Unknown,43.216505,-123.3417381
NV,12/28/09,"Selbach Construction Amargosa Valley, NV 89020","Worker was in a basket of an all-terrain forklift at 40 feet, when it tipped over.",Unknown,36.5327457,-116.4665975
MA,12/28/09,"SMM Business Corp. dba Tedes Chi Food Shop Jamaica Plein, MA 02130","Worker was shot by an armed robber.",Unknown,42.3097365,-71.1151431
MN,12/29/09,"Burlington Northern Santa FE Railroad Fridley, MN 55421","Worker was killed when a rail car jumped its tracks and pinned him against a building.",Unknown,46.9607048,-94.6138566
CT,12/29/09,"U.S. Postal Service Bethlehem, CT 06751","Worker was driving a postal service truck on a town road and a tree fell, striking the truck.",Unknown,41.6395584,-73.2049755
OH,12/30/09,"America Granite & Marble Concepts Solon, OH 44139","Worker was unloading granite slabs from a truck, the weight shifted. The worker was crushed by a slab.",Unknown,41.3897764,-81.4412259
GA,12/30/09,"Dixie Crane Service, Inc. dba Dixie Erectors Mableton, GA 30126","Worker was working on an I-beam 20-feet above ground when another I-beam above came loose and fell, crushing him between the two I-beams.",Unknown,33.8215697,-84.5536678
OH,12/31/09,"Scott Company Marysville, OH 43040","Worker in the process area was found under a freight elevator.",Unknown,40.2364486,-83.3671432
NC,11/07/09,"Grady Lee Nicholson Winston-Salem, NC 27051","The worker was digging post holes with a tractor auger and his arm and clothing were caught in the drive shaft. The shaft mangled his arm and his clothing wrapped around his neck, strangling him.",Unknown,36.1925356,-80.1540226
UT,11/10/09,"Strata Networks Roosevelt, UT 84066","Worker was installing a box in a residential yard when he was struck by a vehicle that was operated by a drunk driver. (Inspection Planned)",Unknown,40.299403,-109.9887605
MD,11/25/09,"Consolidated Waste Industries, Inc. Clinton, MD 20735","Worker was backed over by a garbage truck.",Unknown,38.7651145,-76.8983059
FL,12/09/09,"Anderson & Shah Roofing, Inc. of Florida Clearwater, FL 33761","Worker was climbing a ladder and fell backwards 6 to 7-feet to the ground, striking his head on the concrete floor.",Unknown,28.0305402,-82.7185282
MD,12/18/09,"Gabe's Services, Inc. Rockville, MD 02850","Worker was run over by a roll-off trash truck.",Unknown,--,--
TN,12/21/09,"Building For You Brentwood, TN 37027","Worker was working on the roof when he fell. He was taken to the hospital, where he passed away on 12/24/2009.",Unknown,36.0331164,-86.7827772
TN,12/22/09,"Schott Gemtron Corporation Sweetwater, TN 37847","Worker was working with glass product when glass struck worker in the neck.",Unknown,36.4309769,-84.3121264
VT,12/23/09,"Sugar Hill Farm Fairfield, VT 05455","Machine guarding was removed from the Houle Alley Scraper for maintenance and not reinstalled after servicing. Worker was caught in moving machinery and suffered fatal injuries.",Unknown,44.8011205,-72.9729876
NC,12/24/09,"Neill Grading and Construction Company, Inc. Hickory, NC 28603","Worker was in a trench installing 8-inch pipes for a new sewer line. As another worker operated the excavator, he noticed the worker covered waist deep in dirt. After 20 minutes the worker was removed from the trench and transported to the hospital where he died.",Unknown,35.7313793,-81.340794
NJ,12/27/09,"Moran Towing Corp. Secaucas, NJ 07094","Worker was crushed by a cable after being pulled into a motorized capstan.",Unknown,40.782392,-74.0711359
MD,12/28/09,"Gladhill Tractor Frederick, MD 21703","Worker was crushed by the boom of a skid loader while performing maintenance.",Unknown,39.4142688,-77.4105409
KY,12/30/09,"Fab Steel Inc. Lexington, KY 40511","Worker's death believed related to long-time exposure to chemicals used in painting operations. Worker used paint, mineral spirits, and xylene. Worker passed away at his residence. (Inspection planned)",Unknown,38.1248882,-84.5012435
CA,12/31/09,"Golden Star Market Pittsburg, CA 94565","The worker was handing a gun to a co-worker when the gun accidentally fired and shot the worker in the face.",Unknown,38.0279762,-121.8846806
AZ,12/31/09,"Thundercloud Ranch LLC Scottsdale, AZ 85262","A 78-yr old ranch worker died while supervising the operation of a powered auger. The event is described as an amputation.",Unknown,33.4941704,-111.9260519
OK,01/01/10,"Forrest Drilling Company, LLC Bethany, OK 73008","Worker was resting in a recliner in his trailer when he was struck by a drilling pipe stand that fell from a derrick.",Unknown,35.5186678,-97.6322639
FL,01/02/10,"Telgent EMS L.L.C. Havana, FL 32333","Worker was cutting a 55-gallon steel drum with an acetylene torch to make it a burn barrel. The barrel was not vented, and the isopropyl alcohol at the bottom of the barrel exploded from the top, dousing the worker, and engulfing him in flames.",Unknown,30.6238069,-84.414629
NV,01/04/10,"Akal, Security, Lloyd D. George Federal Courthouse Las Vegas, NV 89101","A gunman entered the front doors of the courthouse and shot the worker, a Court Security Officer, knocking him to the ground and killing him.",Unknown,36.1697096,-115.1236952
FL,01/04/10,"Cowen Truck Line, Inc. Perry, FL 32348","Worker was struck and crushed by a truck trailer that was backing up.",Unknown,30.1174351,-83.5818147
CA,01/04/10,"Golden West Marble, Inc. Valencia, CA 91355","The worker, president/owner of the company, was pinned by 5 sheets of granite which crushed his chest.",Unknown,34.4400287,-118.5914696
PA,01/04/10,"Grove US, LLC Shady Grove, PA 17256","Worker was squatting down on the deck of a crane to install the bolts on an oil cooler and fell 6-feet to the concrete floor.",Unknown,39.7787655,-77.6735804
OH,01/04/10,"Sterling Transportation East Liverpool, OH 44432","Worker, during the loading/unloading process of calcium fluoride, was found unresponsive on top of the tanker.",Unknown,40.7281889,-80.7436141
TX,01/05/10,"Bully Bros LLC Vidor, TX 77662","Worker was lowering the dump bed of a dump trailer, which was stuck in the raised position. Worker entered beneath the upraised bed to rock the ram into position to lower the bed. The ram dislodged, causing the bed to fall. The bed struck and crushed the upper body of the worker.",Unknown,30.1316001,-94.0154541
FL,01/05/10,"Loveland Electric, Inc. Jupiter, FL 33458","Worker working from a ladder, cutting a pipe, lost his balance and fell to the ground below hitting his head against the side wall.",Unknown,26.9342246,-80.0942087
LA,01/06/10,"Chesapeake Energy Barksdale AFB, LA 71110","Worker was working on the dump valve flange and 3" line that led to a welded "T" of a high pressure separator when a fire/explosion occurred.",Unknown,32.5021671,-93.6268464
TN,01/06/10,"DJ Drilling and Blasting Inc. Lavergne, TN 27086","Worker was moving a drill and contacted an overhead powerline.",Unknown,--,--
WA,01/06/10,"Edaleen Dairy LLC Lynden, WA 98264","Worker was preparing for herd health and was shutting the east overhead door when the door came down suddenly pinning the worker between the top of the gate and the bottom of the door.",Unknown,48.9465044,-122.4521073
NV,01/06/10,"Sierra Tire and Auto, dba Llantera Del Norte Tire Shop Las Vegas, NV 89115","The worker was shot at least once in the chest/abdomen area during a robbery or attempted robbery.",Unknown,36.3193563,-115.0228736
MO,01/07/10,"ABB Inc St. Louis, MO 63120","Worker armed himself with multiple weapons, fatally shooting three workers and self; wounding five other workers.",Unknown,38.6893721,-90.266699
NV,01/07/10,"Charleston Pine Apartments Las Vegas, NV 89104","Worker, a maintenance worker, was attempting to move a refrigerator down some stairs when he lost his footing and fell backwards, striking his head on the concrete stairs before falling down. The refrigerator fell onto the lower portion of the deceased.",Unknown,36.1594048,-115.2042296
PA,01/07/10,"Typex Masonry Developers Philadelphia, PA 19128","Worker fell from a two-story residence.",Unknown,40.0532987,-75.2304038
WA,01/07/10,"Yakima Forest Products White Swan, WA 98952","Worker had part of an end loader fall on him.",Unknown,46.3829037,-120.7311801
FL,01/08/10,"Atlantic Directional Drilling Lake Mary, FL 32746","Worker was doing a retrofit when the excavated area began to fill with water. Worker was trying to locate the water service that was hit and was electrocuted on 2 large electrical conduits that had not been previously located.",Unknown,28.7588833,-81.3178446
TX,01/09/10,"Enbridge G & P (East Texas) LP Douglasville, TX 75560","Worker was replacing a valve on a waste heat boiler when hydrogen sulfide was released to the atmosphere.",Unknown,33.2045275,-94.3770704
IL,01/09/10,"US Staffing Carol Stream, IL 60188","Worker operating an overhead crane with a pendant was moving sheets of steel. He positioned himself between the load and a metal barrier guard that ran along the aisle or stacks of sheet steel on the opposite side of the aisle. The load struck the other stacks of steel or a metal barrier guard, causing the load to spin, catching the worker between the load and either the stacks of steel or the metal barrier guard.",Unknown,41.9125286,-88.1347927
AR,10/23/09,"Sheridan Excavating, Inc. Sheridan, AR 72150","Worker was unloading pipes and was struck by two pipes that fell from the load.",Unknown,34.3070406,-92.4012654
IN,12/29/09,"Peterson Grain Decatur, IN 46733","Worker fell 80 feet in grain silo.",Unknown,40.830603,-84.9291329
PA,12/31/09,"Hyatt Penns Landing Philadelphia, PA 19106","Worker was in the basement's mechanical rooms and suffered a heart attack.",Unknown,39.9468286,-75.140674
AL,01/05/10,"Flour Maintenance Service, Inc. Quinton, AL 35130","Worker was using a toga crane hoist. Worker inhaled a chemical (ammonia) that was leaking by the cooling tower.",Unknown,33.6075398,-87.1622344
WY,01/06/10,"Jackson Hole Mountain Resort Teton Village, WY 83025","Worker was working on avalanche control and was buried in 6 feet of snow while setting charges to release the build up of snow to avoid an unplanned avalanche.",Unknown,--,--
IN,01/07/10,"Beta Steel Portage, IN 46388","Worker climbed the roof of the furnace to shut off all water when an explosion happened. The worker fell 12 feet to the floor from the furnace roof. Four (4) other workers were injured.",Unknown,--,--
CA,01/07/10,"CA Justice Eureka, CA 95501","Worker was performing clerical duties at the front office when she started feeling sick and vomited at her desk. She went to the restroom, she was incoherent and became unconscious. (Inspection Planned)",Unknown,40.7916224,-124.1792164
AL,01/11/10,"Davey Tree Experts Company Tallassee, AL 36078","Worker was chipping brush and was struck by an automobile.",Unknown,32.5359683,-85.8932923
PA,01/11/10,"General Electric Transportation System Erie, PA 16531","Worker was crushed by a locomotive alternator frame that fell off an oven table.",Unknown,42.1038054,-80.1482008
WI,01/11/10,"HIP Inc. Milwaukee, WI 53202","Worker was working on a roof/deck and fell into an elevator shaft, 30-feet.",Unknown,43.0439776,-87.8991514
KS,01/11/10,"Scaffolding Rental and Erection Services, LLC McPherson, KS 67460","Worker was erecting a scaffold and fell 30-feet to the ground.",Unknown,38.3708415,-97.6642087
TX,01/11/10,"Sheridan Production, LLC Big Spring, TX 79720","Workers were replacing a vent line on top of a tank battery. They were exposed to hydrogen sulfide gas. One worker fatality and three workers were hospitalized.",Unknown,32.2503979,-101.4787355
GA,01/13/10,"AT&T Rome, GA 30161","Worker was pulling telephone cable and tightening it up with a winch. He became entangled in the cable.",Unknown,34.038104,-85.223766
OH,01/13/10,"Guaranteed Finishing Unlimited, Inc. Cleveland, OH 44111","Worker was taking a dip tank sample by hand with a 8-ounce plastic bottle. The automatic hoisting mechanism struck, caught and crushed him between the frame of the hoist mechanism and the dip tank transfer bar.",Unknown,41.45226,-81.7841703
LA,01/13/10,"Island Operating Co. Cameron, LA 70631","Workers were on the production platform sleeping when a fire/explosion occurred. They evacuated the platform and were in the water for 1.5-2 hours before being rescued. One worker fatality and two workers were hospitalized.",Unknown,29.7977212,-93.3251535
FL,01/15/10,"Metal-Bilt Ocala, FL 34474","Worker was erecting a steel structure and was struck by a steel I beam.",Unknown,29.1561929,-82.2039882
CO,01/15/10,"Sturgeion Electric Company, Inc. Broomfield, CO 80020","Worker fell off bucket 30-feet striking utility lines during his descent.",Unknown,39.9389199,-105.0674317
TX,01/16/10,"Crete Carrier Inc. Houston, TX 77029","Worker was crushed between his trailer and another trailer that was backing up.",Unknown,29.7597385,-95.2632201
NY,10/30/09,"Amityville UFSD Park Ave Elementary School, Amityville, NY 11701","Worker, a teacher, fell down one flight of stairs from the stairwell landing while escorting students from classroom to lunchroom. Possible heart attack prior to fall. (Inspection planned)",Unknown,40.6789893,-73.4170673
PR,01/11/10,"Criminal Task Investigation Inc, Caguas, PR 00726","The gate of the entrance came loose and fell over the worker, a security guard, that was opening it.",Unknown,18.2344053,-66.048442
TN,01/12/10,"Coleman American Moving Services Inc, Jackson, TN 38305","Worker was unloading household goods at a residential site when the loading ramp to the truck allegedly slipped causing the victim to fall and strike the side of the ramp resulting in internal injuries. The worker was admitted to the hospital where he underwent surgery for a lacerated spleen, kidney damage and punctured lung the following day. Prior to discharge from the hospital the worker sustained a massive heart attack.",Unknown,35.6145169,-88.8139469
IN,01/13/10,"Talls Tree Timber Company, Bedford, IN 47421","Worker, a logger, died several hours after removal from frigid water.",Unknown,38.8611619,-86.4872149
IN,01/14/10,"Thiesing Veneer Company, Mooresville, IN 46158","Worker, a crane operator, suffered 3rd degree burns on his legs and back on 1/6/2010 and expired on 1/15/2010.",Unknown,39.6128243,-86.37416
FL,01/16/10,"Citrus Memorial Health System, Inverness, FL 34452","Worker tripped and fell during a visit to a patient's home.",Unknown,28.8354507,-82.3313955
MN,01/16/10,"Nick Ries Farms, Hastings, MN 55033","Worker was working with a compost machine. His jacket was caught in the machine pulling him in the machine causing asphyxiation and death.",Unknown,44.7443293,-92.8513706
IN,01/16/10,"Speedy Petroleum (Shell), Indianapolis, IN 46222","Worker, a store attendant, was working at convenience store/gasoline station and was shot fatally during robbery.",Unknown,39.8070137,-86.2260131
TN,01/18/10,"Bao Bui dba Bau Auto Repair, Knoxville, TN 37912","The worker was cleaning the frame of a utility trailer in preparation for painting. The utility trailer was clamped/attached to the forks of a locally manufactured hydraulic lift. The worker raised the lift to its maximum height and while standing under the trailer, continued to hold the hydraulic pump lever in the up position. The hydraulic pressure was too great, a chain link broke, the lift and the 800-pound trailer collapsed on top of the victim.",Unknown,36.0091467,-83.9797173
FL,01/18/10,"Hampton Golf, Inc., Palm Coast, FL 32164","Worker was crushed by a beverage cart that slid off a lift onto him.",Unknown,29.5100354,-81.2188355
WV,01/19/10,"Marathon Petroleum Company, Kenova, WV 25530","Worker fell from the deck of a tug boat transporting coal barges on the river. Worker was swept underneath the vessel by the river current and drowned.",Unknown,38.3989711,-82.5782139
WI,01/19/10,"Stuart's Landscaping, Fond du Lac, WI 54937","Worker was operating a dump truck hauling rock that was being dumped into the lake. The dump truck fell through the ice near the dumping site killing the worker.",Unknown,43.7730448,-88.4470508
TX,01/20/10,"Arena Drilling Co., Andrews, TX 79714","Worker was caught in a block line.",Unknown,32.3187158,-102.5457155
TX,01/21/10,"Color Spot Nurseries, New Summerfield, TX 75780","Worker had entered a soil hopper system while the auger was rotating. Worker's clothes were caught in the rotating auger, pulling the worker's body into the auger.",Unknown,31.9833422,-95.0948252
TX,01/21/10,"Davis Excavation, Inc., McKinney, TX 75069","Worker was in the process of installing the connector pins to secure two trench boxes. A cave-in occurred, knocking the upper trench box off the lower trench box and pinning the worker between the spreader bars of two trench boxes.",Unknown,33.1632842,-96.5890166
TX,01/21/10,"Schneider Electric, El Paso, TX 79912","Worker was testing an electrical panel at 480 Volts and was electrocuted.",Unknown,31.8586994,-106.5466221
TX,01/22/10,"Lyondell Basell, Houston, TX 77017","Worker fell from a tower at a non-operational unit at a refinery complex.",Unknown,29.6908512,-95.2527741
AL,01/23/10,"Bradley Plumbing and Heating, Inc., Tuskegee, AL 36088","Worker was working on a mezzanine to move an air handling unit using a pry bar. Worker lost his footing and fell from an unprotected edge to the floor 20 feet below.",Unknown,32.4166571,-85.717941
UT,11/12/09,"Clear Creek CBM LLC, Coshen, UT 84633","Individual removed a strap to unload pipe from a semi-trailer and one of the pipes fell onto the individual which resulted in his death. After extensive review it has been determined there was no employer/employee relationship.",Unknown,39.9284652,-111.9284017
CO,01/08/10,"Mechanical Solutions LLC dba Simpson Company, Boulder, CO 80304","Worker fell through a guardrail 8 to 10 feet from mezzanine to lower level.",Unknown,40.0454736,-105.2838511
AR,01/21/10,"Sergio Leon dba Sergio & Ruben, Hot Springs Village, AR 71909","Worker was installing 2 by 6 ceiling joists on a home. One of the joists broke; the worker lost his balance and fell 10 feet to the concrete floor inside.",Unknown,34.6720356,-92.9987886
SD,01/22/10,"Shannon Platt Construction, Centerville, SD 57014","Worker was removing the cone-shaped roof of a grain bin. Worker was working from a basket that was attached lengthwise off of the end of the forks 12 feet and was elevated 35 feet in the air. The forklift tipped over and struck the ground.",Unknown,43.1194328,-96.961437
FL,01/23/10,"Cooper-Vennette Property Services, Inc., Tampa, FL 33634","Worker was spray painting a building and was found pinned/crushed between the aerial bucket and an awning structure.",Unknown,28.01574,-82.5510469
TX,01/23/10,"Ethyl Corporation, Pasadena, TX 77503","Worker was collecting a water sample and was found with the upper half of his body in a diked containment area containing 11 inches of rain water.",Unknown,29.7278417,-95.1657932
CA,01/26/10,"Lehigh Southwest Cement Co., Tehachapi, CA 93561","Worker was run over by tractor trailer.",Unknown,35.1321877,-118.4489739
NY,01/26/10,"Roy Builders Inc., Lansing, NY 14882","Worker fell from roof elevation.",Unknown,42.5952782,-76.5719414
MD,01/26/10,"Washington Metropolitan Area Transit Authority, Rockville, MD 20805","Two maintenance workers were killed when struck by a rail maintenance vehicle while establishing a work zone.",Unknown,38.9072309,-77.0364641
FL,01/27/10,"Alko Systems, Inc., Marco Island, FL 34145","Worker was installing security cameras and fell from a flat roof 16 feet.",Unknown,25.9397412,-81.7075355
KY,01/28/10,"Max Convenience Stores, LLC, Louisville, KY 40223","Worker was working at 2:47 a.m. in a convenience store, when he was shot during a robbery attempt. He was taken off life support on 1/27/2010.",Unknown,38.2586184,-85.5457689
TX,01/28/10,"Thermal Polymer Systems, LC, Angleton, TX 77515","Workers were coating the interior of a trailer tank; fumes ignited from the trailer tank, causing a flash fire. One worker fatality and two workers were hospitalized.",Unknown,29.16941,-95.4318847
NE,01/30/10,"Cargill Meat Solutions, Nebraska City, NE 68410","Worker was disassembling storage racks from inside a scissor lift elevated 20 feet and attaching a strap to the rack and slowly leaning it over. The strap caught the lift and tipped over with the rack.",Unknown,40.6765745,-95.8593616
MD,11/14/09,"Manuel Orozco, Bethesda, MD 20817","Worker was standing on a ladder with a chain saw to cut a tree trunk. The chain saw apparently struck the victim 's neck.",Unknown,38.984652,-77.0947092
MD,11/18/09,"Welty Homes, Inc., Bethesda, MD 20817","Worker either fell from ladder or roof.",Unknown,38.984652,-77.0947092
NY,12/05/09,"SUNY Binghamton University, Binghamton, NY 13902","A professor was assaulted while providing mentoring services in an assigned office space. Event occurred during normal office hours. Multiple stab injuries to abdomen and torso.",Unknown,42.5989687,-74.7095297
NY,01/07/10,"NYCHA Edenwald Houses, Bronx, NY 10466","Worker of New York City Housing Authority was found dead at his work station in the boiler room. (Inspection planned)",Unknown,40.8887394,-73.8477874
WA,01/18/10,"Cinderella Properties, Auburn, WA 98002","Skull fracture.",Unknown,47.2945159,-122.2192679
NY,01/26/10,"NYC Department of Sanitation - Queens West 1, Astoria, NY 11106","Worker was killed after being pinned between a tractor trailer and his garbage truck.",Unknown,40.7595044,-73.9271644
UT,01/29/10,"Capital Trading LLC, West Jordan, UT 84088","Worker was crushed between a delivery truck and the loading dock resulting in serious injuries and his death.",Unknown,40.5934061,-111.9641728
NM,01/30/10,"Octopus Car Wash, Albuquerque, NM 87113","A car being driven off of the exit-end of the car wash conveyor to the drying area outside of the building accelerated suddenly, striking the worker standing near the auto door to the outside.",Unknown,--,--
IA,01/14/10,"Mercy Medical Center, Mason City, IA 50401","Worker noticed the sodium hydroxide pipe was leaking. He tried to stop the leak and got sodium hydroxide on himself. After cleaning the spill, the worker took a shower and collapsed and died.",Unknown,43.150633,-93.217178
WA,01/21/10,"Delta Air Lines Inc., Seattle, WA 91858","Worker was operating a tug vehicle that transfers luggage from terminals to airplanes. The tug collided with a food service truck. The worker was ejected from the tug and struck his head on the pavement. He was transferred to the hospital where he later died.",Unknown,--,--
PR,01/27/10,"Borinquen Metal Scrap Corp., Gurabo, PR 00778","While working on a metal roof, the aluminum metal sheet, which was deteriorated, broke. The worker fell to the ground, later dying at the hospital.",Unknown,18.2543987,-65.9729421
KY,02/03/10,"Odele Incorporated, Morgantown, KY 47307","Workers were painting a newly constructed sludge pit. Worker turned to find other worker slumped down by the wall.",Unknown,40.12,-85.34
OR,02/08/10,"Alpine Courier Inc, Hillsboro, OR 97124","Worker was caught between the back of a semi-trailer and a loading dock. He was transported to the hospital where he later died.",Unknown,45.5228939,-122.989827
CA,02/10/10,"Unknown, El Segundo, CA 90245","Worker suffered heart attack and died while sweeping water from the roof of an apartment building. (Inspection planned)",Unknown,33.9150066,-118.4046264
IA,02/09/10,"KAL Services, Inc. dba Midwest Sanitation, Oskaloosa, IA 52577","Worker was trying to grab a large piece of cardboard out of the back of the garbage truck when the driver began to close the tailgate. The driver heard the worker and opened it. The worker who had been caught by the tailgate was transported to the hospital where he later died.",Unknown,41.2916728,-92.6493595
IA,02/17/10,"Eaton Corporation, Belmond, IA 50421","Worker, a machine operator, was using a grinding machine and the grinding wheel on the machine broke into pieces. One piece of the wheel struck the worker in the face. The worker died instantly.",Unknown,42.84608,-93.6140991
WA,02/04/10,"Hansell Mitzel Homes LLC, Mt. Vernon, WA 98273","Worker was crushed by the bulldozer he was operating. He was transported to the hospital where he later died.",Unknown,48.421216,-122.3340474
MD,02/14/10,"Severstal Sparrows Point, LLC, Sparrows Point, MD 21219","Worker was descending from the cab/platform built into the side of the vehicle. The worker fell backwards and landed on the concrete floor.",Unknown,39.2227668,-76.4505243
WA,02/16/10,"Sound Storage Management, Everett, WA 98201","Worker was bitten by a customer's dog at a gated storage facility while on duty. Worker passed away two days later at the hospital from blood poisoning related to the dog bite.",Unknown,47.9990269,-122.1914014
NC,02/18/10,"A to Z Island Maintenance, Inc., Chinquapin, NC 28521","Six workers were installing bracing to trusses while working on/inside the web of the trusses with two workers on the ground. The trusses collapsed/rolled. Two workers fell from the trusses and were injured. One worker, the ground man, was cutting lumber to length. He was killed when the trusses fell on him.",Unknown,34.8323044,-77.7223162
CA,02/18/10,"Gary Pellandini Dairy, Galt, CA 95632","Worker was moving hay out of a barn from a height of 10 to 12 feet. He fell and received head trauma, from which he died.",Unknown,38.2546373,-121.2999485
NC,02/18/10,"Lewis Tree Service, Inc., Troy, NC 27371","Worker was struck on the head by a tree limb while felling a tree.",Unknown,35.3584743,-79.8944901
NC,02/18/10,"Peninsula Packaging Co., LLC, Wilson, NC 27893","Worker was performing maintenance on an extruder machine. He was discovered caught in the machine by the plant manager. He was pronounced dead at the scene.",Unknown,35.7212689,-77.9155395
IL,02/22/10,"City of Chicago Police Department, Chicago, IL 60653","Police officer was involved in a vehicle accident with a marked car. Apparently he struck a pole and tree and was pronounced dead at the hospital.",Unknown,41.8307935,-87.6235378
NC,02/22/10,"County of Cleveland - Self-McNeilly Solid Waste Management Facility, Shelby, NC 28150","Worker was working as a landfill spotter. He was behind a CAT 836G compactor and the operator of the compactor did not see him. The operator of the compactor backed over the worker. He was taken to the hospital where he later died.",Unknown,35.2923513,-81.5356463
IA,02/22/10,"Ricklefs Excavating LTD, Cedar Rapids, IA 52404","Workers were utilizing excavator with pipe clamp to plastic-wrap 18-foot pipes. Upon completion of wrapping, the pipe excavator operator picked up pipe with the clamp. The pipe came out of the pipe clamp resulting in the pipe falling onto the worker's chest which caused a fatal crushing injury.",Unknown,41.9270157,-91.6955092
PR,02/24/10,"B K D Construction Inc., Juana Diaz, PR 00795","While operating a boom truck attempting to move a junked truck, suddenly the boom broke from its base and stuck the worker causing a serious chest injury. The worker was killed.",Unknown,18.054809,-66.505314
HI,01/21/10,"Sure Steel Inc, Pahoa, HI 96778","Worker of a structural steel erection crew that was installing roof decking fell from the deck under construction to the concrete floor below. Worker was transported to the hospital where he later died.",Unknown,19.4975033,-154.9508104
TN,02/15/10,"Wal-Mart Store, Rogerville, TN 37857","Worker tripped on an extension cord and fell onto a tiled floor in the deli. She was transported to the hospital where she later died.",Unknown,36.407317,-83.0054423
PR,02/16/10,"Municipio de Utuado, Utuado, PR 00641","Worker caught by the garbage truck compactor.",Unknown,18.2858288,-66.7367345
IL,02/23/10,"Township of Murphysboro - Public Works, Murphysboro, IL 62966","Garage worker was found pinned by a vehicle at 6:45 a.m. The vehicle was still in drive and he had been pinned for a undetermined amount of time. He was taken to the hospital for treatment where he died later.",Unknown,37.7644952,-89.3350888
WA,02/26/10,"Birney Elementary School, Tacoma, WA 98408","Teacher was shot multiple times as she entered the workplace.",Unknown,47.1878768,-122.450401
PR,02/27/10,"Mercados Bakery, Lajas, PR 00667","Bakery worker, was using a home-made elevator to hoist material from the first level to the second level on a two story building. Upon entering  the elevator at the second floor, the chain sling supporting the elevator failed. The elevator in free fall caught the employee in/between the floor edge. He was found dead by a fellow worker.",Unknown,18.049962,-67.0593449
NM,03/02/10,"Northwest Insulation, Artesia, NM 88211","Four insulation contractors were installing insulation on top of a new crude storage tank. The tank had been filled with water during recent hydrostatic testing. The workers were completing construction. Workers were welding when a fire ignited. Two fell from the tank, sustaining injuries, and were hospitalized. A third worker remained on top of the tank and was fatally burned. Fourth worker remains missing and is presumed dead.",Unknown,32.85,-104.4
OR,03/04/10,"Contract Transportation Systems Inc, Oakridge, OR 97463","Worker was driving a commercial truck and collided with several large bales of hay that fell off an unknown semi-trailer.",Unknown,43.7465124,-122.4617159
AZ,03/04/10,"Ames Construction, Phoenix, AZ 85382","Worker was killed when he overturned his side dump truck and struck a parked water truck.",Unknown,33.6513368,-112.2443628
WY,03/04/10,"University of Wyoming, Laramie, WY 82071","A material handler was walking in a parking lot when he slipped on some ice causing him to fall, striking his head on parking lot surface.",Unknown,41.3130972,-105.5796706
MN,03/05/10,"Big Boyz Truck, Motley, MN 56466","Worker was working beneath a trailer when the jack stand broke.",Unknown,46.336633,-94.6461768
NC,02/23/10,"North Star Emergency Services, LLC, Charlotte, NC 28277","Worker was inspecting a roof on 2/23/2010 when he fell 23 feet. He later died from his injuries on 3/10/2010.",Unknown,35.0535496,-80.8211696
TN,03/09/10,"Florida Rock & Tank Lines Inc, Nashville, TN 37209","Worker was using a power take-off (PTO) pump to transfer gasoline from one underground storage tank to another. The output pipe of the pump broke, spraying fuel over the worker. The fuel later ignited and the worker was seriously burned. He died the next day.",Unknown,36.1484862,-86.9523954
PR,03/14/10,"AEE Tecnica de Aguadilla, Moca, PR 00676","Worker was repairing damage to a 4160-Volt power line. The worker grabbed the part of the line which was not de-energized and was electrocuted, instantly causing his death.",Unknown,18.3946688,-67.1132356
IN,03/16/10,"Walsh Construction, Gary, IN 46403","Worker was working on highway with two other Walsh Construction workers and a subcontractor patching potholes. He was struck by a drunk driver speeding at up to 90 mph.",Unknown,41.6183265,-87.2518824
KY,03/17/10,"Demolition Disposal Services Inc., Lexington, KY 40509","Two workers were at the Lexington landfill loading one dumpster into another. During the process a chain became hung up and one worker stepped into the dumpster to free the chain. The dumpster fell on the worker. He was transported to the hospital where he later died.",Unknown,37.9923606,-84.375233
CA,03/17/10,"Pacific Gas & Electric Co., Bencia, CA 94510","Worker was working in a vault and was electrocuted.",Unknown,38.1153501,-122.1064668
TN,03/17/10,"Roane Transportation, Rockwood, TN 37854","Worker was standing on a flatbed trailer while a crane operator was loading three coils of steel onto the truck. The coils fell off the truck striking the worker who had jumped off the truck to get out of the way.",Unknown,35.8656284,-84.68494
CA,03/18/10,"Cal-Sierra Pipe Inc., La Grand, CA 95333","Worker was unloading pipe from a flatbed trailer when he was knocked off the trailer by pipe that then fell onto him.",Unknown,37.2407962,-120.2281933
CA,03/17/10,"The Pit Stop, Chico, CA 95926","Worker became entangled in the rear differential of a vehicle.",Unknown,39.7461315,-121.8448745
TN,03/18/10,"Simpson Bridge Company Inc., Clevland, TN 37311","Worker fell about 7 feet while pouring a concrete column for a new bridge. He was taken to the hospital where he died during back surgery.",Unknown,35.0981107,-84.9297206
NC,03/19/10,"Southern Pump and Tank Company, Charlotte, NC 28629","Worker was working under a pull-behind compressor/generator and it fell off the jack stands.",Unknown,36.3429371,-81.3646896
IN,03/23/10,"United States Infrastructure Corporation, Fort Wayne, IN 46825","Worker was spray painting utility when he was struck by a vehicle. Worker later died on 3/19/2010.",Unknown,41.1474763,-85.116815
NV,03/24/10,"7-11 Store #13693, North Las Vegas, NV 89030","Worker was fatally shot during a robbery and was pronounced dead at the scene.",Unknown,36.200987,-115.120197
NM,03/17/10,"Lujan Drilling, Pecos, NM 87552","Worker was operating a boom on a water well truck, when boom came in contact with overhead power line, electrocuting the worker. ",Unknown,35.5742031,-105.675016
WA,03/23/10,"Washington Merchant Patrol, Federal Way, WA 92023","Worker, at the end of fourth day on night shift, drove company car into back of parked trucks. He received multiple head injuries.",Unknown,33.060208,-117.2657906
WA,03/26/10,"Hermann Brothers Logging and Construction, Port Angeles, WA 98362","Worker was sitting on a conveyor and welding, when the conveyor system was energized causing the employee to be crushed. No locks were used to lockout the conveyor system.",Unknown,47.9506586,-123.3456072
CA,03/27/10,"Blackburn Farming, Firebaugh, CA 93622","Worker was driving a JackRunner chipper. He left the cab of the chipper and got caught in the auger of the JackRabbit bank-out car. ",Unknown,36.8588376,-120.4560072
CA,03/27/10,"Digital Domain, Venice, CA 90291","Worker was checking on office of a coworker. The worker opened the window and stepped out on the ledge where he slipped and fell to the parking lot below - approximately 20 - 25 feet. ",Unknown,33.9962144,-118.4688776
IA,03/29/10,"Anderson Erickson Dairy, De Moines, IA 50317","Worker was attempting to clear a jammed flat of milk product containers when the ram actuator started moving forward, pinning the worker between the actuator and positioning post, crushing the worker. ",Unknown,41.6163301,-93.5509074
CA,03/29/10,"Cal Trans, Oakland, CA 94612","Worker fell from 15-story building to 6th floor atrium.",Unknown,37.811142,-122.264861
PR,03/29/10,"JAF Company Telephone Contractor, Yauco, PR 00698","Worker was installing a telephone cable while standing on a fiberglass ladder. He came in contact with a 4,000-Volt electrical line and fell 15 feet to the ground and died.",Unknown,18.034964,-66.8498983
KY,03/30/10,"Asplundh Tree Expert Co., Moutheard, KY 41548","Two workers had begun setting up traffic demarcations alongside the highway. The workers were struck by a tractor trailer whose brakes failed. ",Unknown,37.3753556,-82.269193
NC,03/30/10,"Coopers Creek Store, Bryson City, NC 28713","Worker complained about not feeling well. He went to the basement of the store where he was running a gasoline powered generator. He was found at the bottom of the stairs. It was reported that carbon monoxide levels in the basement measured greater than 900 parts per million. ",Unknown,35.4309291,-83.4473809
IL,03/30/10,"Village of Homewood - Fire Department, Homewood, IL 60430","During a rescue attempt at a fully engulfed residential fire, two firefighters were injured and taken to the hospital. One firefighter died from his injuries. ",Unknown,41.5573684,-87.7104585
IL,04/01/10,"Village of Washington Park, Washington Park, IL 62204","Mayor of the Village of Washington Park was driving through the village at 6 a.m., after leaving his second job. He stopped when someone asked for assistance and was shot twice by someone in a passing car. ",Unknown,38.634544,-90.0941454
WA,04/02/10,"Tesoro Refining & Marketing Company, Anacortes, WA 98221","A naphtha hydrotreater located at a refinery released fuel which ignited.  Five workers died; two were critically injured. ",Unknown,48.5126045,-122.6126718
AZ,02/12/10,"D & P Trucking, Inc., Tucson, AZ 85742","Owner was in the process of cleaning the scissor lift. He raised the lift, making contact with overhead power lines, and was electrocuted. ",Unknown,32.3920076,-111.0579632
NC,03/04/10,"Thermal Conditioning Inc., Charlotte, NC 28278","Worker was performing air conditioning work on the roof a building when he fell 25 feet to the ground. ",Unknown,35.1340053,-81.0202533
CA,03/20/10,"Jif Trucking, El Monte, CA 91733","Worker was walking at a truck stop when he was struck and killed by a tractor trailer. ",Unknown,34.0499095,-118.0478826
HI,04/01/10,"Ed Yamashiro, Inc., Kaneohe, HI 96744","Heavy equipment driver was in the process of stepping down backwards from a low-boy trailer when he fell and hit his head on the asphalt. He never regained consciousness and died 4 days later. ",Unknown,21.3996475,-157.7973653
IA,04/02/10,"Peterson Construction, Blairsburg, IA 50034","A free-standing masonry wall that was approximately 12 feet long by 22 feet high collapsed, crushing the worker.",Unknown,42.4814442,-93.6430922
TN,04/06/10,"JBS United, Inc., Union City, TN 38261","Truck driver was at a location to pick up a load. He was somehow run over by another truck. He was underneath the truck and dragged 100 feet. ",Unknown,36.4242303,-89.0570096
TN,04/06/10,"Overton County Sheriff Department, Livingston, TN 38570","Sheriff Deputy was walking through the woods, working a cold case, and fell 161 feet into a sink hole. ",Unknown,36.3957164,-85.3240343
CA,04/07/10,"Solarcity Corporation, San Pablo, CA 94806","Worker fell from a three story roof onto a concrete walkway.",Unknown,37.9621457,-122.3455263
KY,04/07/10,"Wallace Cotton, Centertown, KY 42328","Logger was attempting to dislodge a tree that did not fall after it was cut. He attempted to cut another tree to hit the lodged tree. The second tree fell on him. He had worked for the company for one week.",Unknown,37.4172684,-86.9961061
WA,04/02/10,"Tesoro Refining & Marketing Company, Anacortes, WA 98221","A naphtha hydrotreater, located at the refinery, released fuel which ignited. Initial count:  five workers died; two were critically injured. Update: one of the critically injured has died.",Unknown,48.5126045,-122.6126718
CA,04/06/10,"Bob Frolic Room (Bar), Los Angeles, CA 90028","Worker who was pushed by one of the customers, fell and hit his head on the floor.  He was taken off life support on 4/15/2010.",Unknown,34.1012181,-118.325739
NC,04/07/10,"James Anderson Logging, Inc., Moravian Falls, NC 28654","Worker was found underneath skidder's rear tire, after skidder was pulled into deck.",Unknown,36.0967982,-81.1823072
MD,04/12/10,"McKenzie Trucking, Inc., Hanover, MD 21076","Worker was attempting to unload slabs of granite from the bed of a truck when the slabs tipped over and fell on him, causing fatal head injuries. ",Unknown,39.1676655,-76.7221082
CA,04/15/10,"Argo Chemical, Inc., Bakersfield, CA 93263","Worker was in a boom lift, taking pictures, and was electrocuted after coming in contact with power lines.",Unknown,35.4901444,-119.2553229
NV,04/18/10,"Special Operations Associates, Inc., Las Vegas, NV 89169","Security guard shot in the face by unidentified assailants while taking a break on the job.",Unknown,36.1295416,-115.1325897
CA,04/18/10,"Union 76, Daly City, CA 94015","Worker was electrocuted.",Unknown,36.7606931,-121.7657346
CA,04/19/10,"Las Flores Convalescent Hospital, Gardena, CA 90249","Worker was storing supplies, fell backward, and sustained a fatal head injury.",Unknown,33.901022,-118.3169714
MN,04/22/10,"Birds Eye Foods, Waseca, MN 56093","Worker fell unconscious while participating in a hazardous material response drill. He was wearing a respirator and protective clothing at the time. He died at the hospital.",Unknown,44.0770411,-93.5083843
MN,04/12/10,"Cub Foods Mankato West, Mankato, MN 56001","Worker suffered shoulder strain while installing portable greenhouse. Over time, developed severe pain and was sent back to physician. He died on April 22 from an infection.",Unknown,44.1635775,-93.9993996
NC,04/19/10,"Wal-Mart, Sylva, NC 28779","Worker climbed onto a rack. While attempting to access the ladder, missed it and fell to the concrete floor below.",Unknown,35.3616747,-83.2027033
NC,04/21/10,"The Lane Construction Corporation, Washington, NC 27889","Worker was struck by a 20-foot steel column that broke loose from its rigging while being moved by a crane from one location to another.",Unknown,35.5465517,-77.0521742
NY,04/26/10,"New York City Transit Authority, Division of Tracks, Forest Hills, NY 11375","Track maintenance supervisor was electrocuted after coming into contact with a high voltage rail while working in the capital track group.",Unknown,40.718106,-73.8448469
NV,04/26/10,"Nye County Sheriff's Office, Pahrump, NV 89060","Deputy Sheriff was shot to death while responding to a domestic violence call.",Unknown,36.2082943,-115.9839147
NC,04/27/10,"Griffin Roofing, Inc., Weddington, NC 28104","Worker fell approximately 18 feet onto a slate porch while installing a slate roof on a residence.",Unknown,35.0223708,-80.7609035
UT,08/14/09,"Tec Electric Co., Richmond, UT 84333","Worker installing electrical wiring in a false ceiling, fell from ladder.",Unknown,41.9227056,-111.8135571
AZ,04/19/10,"Tonopah Family Restaurant, LLC, Tonopah, AZ 85354","Maintenance worker tripped on top rung of ladder and fell from roof.",Unknown,33.4934778,-112.9370802
NV,04/29/10,"Fertig Drilling Company, Elko, NV 89803","A worker loading drill rods onto a carousel was struck in the head by dislodged rod.",Unknown,40.733949,-115.9040582
KY,04/29/10,"Lexington Division of Police, Lexington, KY 40507","A police officer investigating loud music from a vehicle was struck and killed by passing vehicle, in a hit and run accident.",Unknown,38.0468188,-84.4946871
NM,05/04/10,"Union Drilling, Inc., Lovington, NM 88260","A worker fell 90 feet from the derrick onto the drilling platform, while tipping pipe into a well.",Unknown,32.9440077,-103.3485543
CA,05/05/10,"Commercial Aquatic Services, Tustin, CA 92780","Pool maintenance worker drowned while servicing pool drain.",Unknown,33.7372177,-117.8135579
HI,05/02/10,"Blue Sky Mason, Honolulu, HI 96822","A tree trimmer died after becoming inverted in his harness and being unable to free himself.",Unknown,21.3175493,-157.8152491
KY,05/06/10,"3M Company, Cynthiana, KY 41031","Worker was electrocuted by static electricity built up on a plastic film roll line.",Unknown,38.3849262,-84.2900309
KY,05/06/10,"Menifee County Fiscal Court, Wellington, KY 40387","Worker suffered fatal injuries after falling off a moving garbage truck.",Unknown,37.9143689,-83.5120347